current_time,latitude,longitude,speed,miles,miles_lap,rtc,millis,rpm,input_voltage,motor_watt,motor_tempMosfet,motor_tempMotor,motor_current,battery_current,motor_dutyCycle,motor_error,rasp_temp,battery_ampere,battery_voltage,charge,battery_temperature,autonomy
13:51:29.011, , ,-1.0,0,0, ,2019918,0.0,96.0,0.05,21.6,19.9,0.0,0.0,65.53,0,37,0.0,98.2,94.5,21.0,
13:51:29.520, , ,-1.0,0,0, ,2020519,0.0,95.9,0.05,21.6,20.0,0.0,0.0,65.53,0,37,0.0,98.2,94.5,21.0,
13:51:30.273, , ,-1.0,0,0, ,2021327,0.0,95.9,0.05,21.6,19.9,0.0,0.0,65.53,0,37,0.0,98.2,94.5,21.0,
13:51:30.780, , ,-1.0,0,0, ,2021722,0.0,95.9,0.05,21.6,20.0,0.0,0.0,65.53,0,37,0.0,98.2,94.5,21.0,
13:51:31.544, , ,-1.0,0,0, ,2022338,0.0,95.9,0.05,21.6,19.9,0.0,0.0,65.53,0,37,0.0,98.2,94.5,21.0,
13:51:32.055, , ,-1.0,0,0, ,2022935,0.0,95.9,0.05,21.6,19.9,0.0,0.0,65.53,0,37,0.0,98.2,94.5,21.0,
13:51:32.564, , ,-1.0,0,0, ,2023533,0.0,95.9,0.05,21.6,19.9,0.0,0.0,65.53,0,37,0.0,98.2,94.5,21.0,
13:51:33.336, , ,-1.0,0,0, ,2024327,0.0,95.9,0.05,21.6,20.0,0.0,0.0,65.53,0,37,0.0,98.2,94.5,21.0,
13:51:33.844, , ,-1.0,0,0, ,2024929,0.0,95.9,0.05,21.6,19.9,0.0,0.0,65.53,0,37,0.0,98.2,94.5,21.0,
13:51:34.353, , ,-1.0,0,0, ,2025143,0.0,95.9,0.05,21.6,20.0,0.0,0.0,65.53,0,37,0.0,98.2,94.5,21.0,
13:51:35.112, , ,-1.0,0,0, ,2026132,0.0,96.0,0.05,21.6,19.9,0.0,0.0,65.53,0,37,0.0,98.2,94.5,21.0,
13:51:35.630, , ,-1.0,0,0, ,2026733,0.0,95.9,0.05,21.6,20.1,0.0,0.0,65.53,0,36,0.0,98.2,94.5,21.0,
13:51:36.384, , ,-1.0,0,0, ,2027348,0.0,95.9,0.05,21.6,19.9,0.0,0.0,65.53,0,37,0.0,98.2,94.5,21.0,
13:51:36.894, , ,-1.0,0,0, ,2027947,0.0,95.9,0.05,21.6,20.0,0.0,0.0,65.53,0,37,0.0,98.2,94.5,21.0,
13:51:37.403, , ,-1.0,0,0, ,2028336,0.0,95.9,0.05,21.6,20.0,0.0,0.0,65.53,0,36,0.0,98.2,94.5,21.0,
13:51:38.175, , ,-1.0,0,0, ,2028937,0.0,95.9,0.05,21.6,19.9,0.0,0.0,65.53,0,37,0.0,98.2,94.5,21.0,
13:51:38.690, , ,-1.0,0,0, ,2029553,0.0,96.0,0.05,21.6,20.0,0.0,0.0,65.53,0,37,0.0,98.2,94.5,21.0,
13:51:39.446, , ,-1.0,0,0, ,2030540,0.0,96.0,0.05,21.6,19.9,0.0,0.0,65.53,0,36,0.0,98.2,94.5,21.0,
13:51:39.956, , ,-1.0,0,0, ,2030750,0.0,95.9,0.05,21.6,20.0,0.0,0.0,65.53,0,36,0.0,98.2,94.5,21.0,
13:51:40.466, , ,-1.0,0,0, ,2031349,0.0,95.9,0.05,21.6,19.9,0.0,0.0,65.53,0,37,0.0,98.2,94.5,21.0,
13:51:41.233, , ,-1.0,0,0, ,2032144,0.0,95.9,0.05,21.6,20.0,0.0,0.0,65.52,0,37,0.0,98.2,94.5,21.0,
13:51:41.744, , ,-1.0,0,0, ,2032746,0.0,95.9,0.05,21.6,20.0,0.0,0.0,65.53,0,37,0.0,98.2,94.5,21.0,
13:51:42.255, , ,-1.0,0,0, ,2033347,0.0,95.9,0.05,21.6,20.0,0.0,0.0,65.53,0,36,0.0,98.2,94.5,21.0,
13:51:43.027, , ,-1.0,0,0, ,2033949,0.0,95.9,0.05,21.6,20.0,0.0,0.0,65.53,0,37,0.0,98.2,94.5,21.0,
13:51:43.544, , ,-1.0,0,0, ,2034568,0.0,95.9,0.05,21.6,20.0,0.0,0.0,65.53,0,37,0.0,98.2,94.5,21.0,
13:51:44.306, , ,-1.0,0,0, ,2035166,0.0,95.9,0.05,21.6,20.0,0.0,0.0,65.53,0,37,0.0,98.2,94.5,21.0,
13:51:44.819, , ,-1.0,0,0, ,2035764,0.0,96.0,0.05,21.6,19.9,0.0,0.0,65.53,0,36,0.0,98.2,94.5,21.0,
13:51:45.333, , ,-1.0,0,0, ,2036362,0.0,95.9,0.05,21.6,20.0,0.0,0.0,65.53,0,37,0.0,98.2,94.5,21.0,
13:51:46.104, , ,-1.0,0,0, ,2037155,0.0,95.9,0.05,21.6,19.9,0.0,0.0,65.53,0,38,0.0,98.2,94.5,21.0,
13:51:46.617, , ,-1.0,0,0, ,2037372,0.0,95.9,0.05,21.6,20.0,0.0,0.0,65.53,0,37,0.0,98.2,94.5,21.0,
13:51:47.122, , ,-1.0,0,0, ,2037969,0.0,95.9,0.05,21.6,19.9,0.0,0.0,65.53,0,37,0.0,98.2,94.5,21.0,
13:51:47.889, , ,-1.0,0,0, ,2038960,0.0,95.9,0.05,21.6,20.0,0.0,0.0,65.53,0,36,0.0,98.2,94.5,21.0,
13:51:48.399, , ,-1.0,0,0, ,2039165,0.0,95.9,0.05,21.6,20.0,0.0,0.0,65.53,0,36,0.0,98.2,94.5,21.0,
13:51:49.159, , ,-1.0,0,0, ,2040175,0.0,95.9,0.05,21.6,19.9,0.0,0.0,65.53,0,37,0.0,98.2,94.5,21.0,
13:51:49.671, , ,-1.0,0,0, ,2040773,0.0,95.9,0.05,21.6,19.9,0.0,0.0,65.53,0,37,0.0,98.2,94.5,21.0,
13:51:50.190, , ,-1.0,0,0, ,2041163,0.0,95.9,0.05,21.6,20.0,0.0,0.0,65.53,0,37,0.0,98.2,94.5,21.0,
13:51:50.953, , ,-1.0,0,0, ,2041764,0.0,95.9,0.05,21.6,20.1,0.0,0.0,65.53,0,37,0.0,98.2,94.5,21.0,
13:51:51.470, , ,-1.0,0,0, ,2042382,0.0,95.9,0.05,21.6,20.0,0.0,0.0,65.53,0,37,0.0,98.2,94.5,21.0,
13:51:51.981, , ,-1.0,0,0, ,2042980,0.0,95.9,0.05,21.6,19.9,0.0,0.0,65.53,0,36,0.0,98.2,94.5,21.0,
13:51:52.751, , ,-1.0,0,0, ,2043577,0.0,95.9,0.05,21.6,20.0,0.0,0.0,65.53,0,36,0.0,98.2,94.5,21.0,
13:51:53.257, , ,-1.0,0,0, ,2044368,0.0,95.9,0.05,21.6,20.0,0.0,0.0,65.53,0,37,0.0,98.2,94.5,21.0,
13:51:54.043, , ,-1.0,0,0, ,2045185,0.0,95.9,0.05,21.6,19.9,0.0,0.0,65.53,0,37,0.0,98.2,94.5,21.0,
13:51:54.536, , ,-1.0,0,0, ,2045571,0.0,95.9,0.05,21.6,20.0,0.0,0.0,65.53,0,37,0.0,98.2,94.5,21.0,
13:51:55.048, , ,-1.0,0,0, ,2046172,0.0,95.9,0.05,21.6,19.9,0.0,0.0,65.53,0,37,0.0,98.2,94.5,21.0,
13:51:55.814, , ,-1.0,0,0, ,2046773,0.0,95.9,0.05,21.6,20.0,0.0,0.0,65.53,0,37,0.0,98.2,94.5,21.0,
13:51:56.326, , ,-1.0,0,0, ,2047391,0.0,95.9,0.05,21.6,19.9,0.0,0.0,65.53,0,37,0.0,98.2,94.5,21.0,
13:51:57.088, , ,-1.0,0,0, ,2047989,0.0,95.9,0.05,21.6,19.9,0.0,0.0,65.53,0,36,0.0,98.2,94.5,21.0,
13:51:57.601, , ,-1.0,0,0, ,2048587,0.0,96.0,0.05,21.6,19.9,0.0,0.0,65.53,0,36,0.0,98.2,94.5,21.0,
13:51:58.113, , ,-1.0,0,0, ,2049185,0.0,95.9,0.05,21.6,20.0,0.0,0.0,65.53,0,37,0.0,98.2,94.5,21.0,
13:51:58.876, , ,-1.0,0,0, ,2049979,0.0,95.9,0.05,21.6,19.9,0.0,0.0,65.53,0,37,0.0,98.2,94.5,21.0,
13:51:59.377, , ,-1.0,0,0, ,2050196,0.0,95.9,0.05,21.6,19.9,0.0,0.0,65.53,0,37,0.0,98.2,94.5,21.0,
13:51:59.887, , ,-1.0,0,0, ,2050794,0.0,96.0,0.05,21.6,19.8,0.0,0.0,65.53,0,36,0.0,98.2,94.5,21.0,
13:52:00.652, , ,-1.0,0,0, ,2051782,0.0,95.9,0.05,21.6,19.9,0.0,0.0,65.53,0,36,0.0,98.2,94.5,21.0,
13:52:01.159, , ,-1.0,0,0, ,2051991,0.0,95.9,0.05,21.6,19.9,0.0,0.0,65.53,0,36,0.0,98.2,94.5,21.0,
13:52:01.926, , ,-1.0,0,0, ,2053002,0.0,95.9,0.05,21.6,20.0,0.0,0.0,65.53,0,36,0.0,98.2,94.5,21.0,
13:52:02.441, , ,-1.0,0,0, ,2053600,0.0,95.9,0.05,21.6,20.0,0.0,0.0,65.53,0,37,0.0,98.2,94.5,21.0,
13:52:02.941, , ,-1.0,0,0, ,2053987,0.0,95.9,0.05,21.6,20.0,0.0,0.0,65.53,0,37,0.0,98.2,94.5,21.0,
13:52:03.717, , ,-1.0,0,0, ,2054795,0.0,95.9,0.05,21.6,19.9,0.0,0.0,65.53,0,37,0.0,98.2,94.5,21.0,
13:52:04.224, , ,-1.0,0,0, ,2055189,0.0,96.0,0.05,21.6,19.9,0.0,0.0,65.53,0,36,0.0,98.2,94.5,21.0,
13:52:04.980, , ,-1.0,0,0, ,2055804,0.0,95.9,0.05,21.6,19.9,0.0,0.0,65.53,0,37,0.0,98.2,94.5,21.0,
13:52:05.485, , ,-1.0,0,0, ,2056402,0.0,95.9,0.05,21.6,19.9,0.0,0.0,65.53,0,37,0.0,98.2,94.5,21.0,
13:52:06.001, , ,-1.0,0,0, ,2057000,0.0,95.9,0.05,21.6,20.0,0.0,0.0,65.53,0,36,0.0,98.2,94.5,21.0,
13:52:06.762, , ,-1.0,0,0, ,2057600,0.0,95.9,0.05,21.6,20.1,0.0,0.0,65.53,0,37,0.0,98.2,94.5,21.0,
13:52:07.270, , ,-1.0,0,0, ,2058394,0.0,95.9,0.05,21.6,19.9,0.0,0.0,65.53,0,36,0.0,98.2,94.5,21.0,
13:52:07.784, , ,-1.0,0,0, ,2058608,0.0,95.9,0.05,21.6,20.0,0.0,0.0,65.53,0,37,0.0,98.2,94.5,21.0,
13:52:08.553, , ,-1.0,0,0, ,2059597,0.0,95.9,0.05,21.6,20.0,0.0,0.0,65.53,0,37,0.0,98.2,94.5,21.0,
13:52:09.067, , ,-1.0,0,0, ,2060197,0.0,95.9,0.05,21.6,20.0,0.0,0.0,65.53,0,36,0.0,98.2,94.5,21.0,
13:52:09.833, , ,-1.0,0,0, ,2060815,0.0,95.9,0.05,21.6,19.9,0.0,0.0,65.53,0,37,0.0,98.2,94.5,21.0,
13:52:10.345, , ,-1.0,0,0, ,2061413,0.0,95.9,0.05,21.6,20.0,0.0,0.0,65.53,0,37,0.0,98.2,94.5,21.0,
13:52:10.852, , ,-1.0,0,0, ,2062011,0.0,95.9,0.05,21.6,19.9,0.0,0.0,65.53,0,38,0.0,98.2,94.5,21.0,
13:52:11.623, , ,-1.0,0,0, ,2062610,0.0,95.9,0.05,21.6,20.0,0.0,0.0,65.53,0,37,0.0,98.2,94.5,21.0,
13:52:12.140, , ,-1.0,0,0, ,2063003,0.0,95.9,0.05,21.6,19.8,0.0,0.0,65.53,0,36,0.0,98.2,94.5,21.0,
13:52:12.904, , ,-1.0,0,0, ,2064005,0.0,95.9,0.05,21.6,19.9,0.0,0.0,65.53,0,37,0.0,98.2,94.5,21.0,
13:52:13.418, , ,-1.0,0,0, ,2064217,0.0,95.9,0.05,21.6,19.9,0.0,0.0,65.53,0,36,0.0,98.2,94.5,21.0,
13:52:13.922, , ,-1.0,0,0, ,2064814,0.0,95.9,0.05,21.6,20.0,0.0,0.0,65.53,0,36,0.0,98.2,94.5,21.0,
13:52:14.696, , ,-1.0,0,0, ,2065823,0.0,96.0,0.05,21.6,19.9,0.0,0.0,65.53,0,36,0.0,98.2,94.5,21.0,
13:52:15.210, , ,-1.0,0,0, ,2066209,0.0,95.9,0.05,21.6,19.9,0.0,0.0,65.53,0,37,0.0,98.2,94.5,21.0,
13:52:15.718, , ,-1.0,0,0, ,2066809,0.0,95.9,0.05,21.6,19.9,0.0,0.0,65.53,0,37,0.0,98.2,94.5,21.0,
13:52:16.482, , ,-1.0,0,0, ,2067410,0.0,95.9,0.05,21.6,19.9,0.0,0.0,65.53,0,37,0.0,98.2,94.5,21.0,
13:52:16.999, , ,-1.0,0,0, ,2068029,0.0,95.9,0.05,21.6,19.9,0.0,0.0,65.53,0,37,0.0,98.2,94.5,21.0,
13:52:17.781, , ,-1.0,0,0, ,2068626,0.0,95.9,0.05,21.6,19.9,0.0,0.0,65.53,0,37,0.0,98.2,94.5,21.0,
13:52:18.285, , ,-1.0,0,0, ,2069224,0.0,95.9,0.05,21.6,20.0,0.0,0.0,65.53,0,37,0.0,98.2,94.5,21.0,
13:52:18.797, , ,-1.0,0,0, ,2069822,0.0,95.9,0.05,21.6,19.9,0.0,0.0,65.53,0,37,0.0,98.2,94.5,21.0,
13:52:19.562, , ,-1.0,0,0, ,2070617,0.0,95.9,0.05,21.6,19.9,0.0,0.0,65.53,0,37,0.0,98.2,94.5,21.0,
13:52:20.078, , ,-1.0,0,0, ,2071218,0.0,95.9,0.05,21.6,19.9,0.0,0.0,65.53,0,36,0.0,98.2,94.5,21.0,
13:52:20.591, , ,-1.0,0,0, ,2071432,0.0,95.9,0.05,21.6,19.9,0.0,0.0,65.53,0,37,0.0,98.2,94.5,21.0,
13:52:21.361, , ,-1.0,0,0, ,2072421,0.0,95.9,0.05,21.6,20.0,0.0,0.0,65.53,0,37,0.0,98.2,94.5,21.0,
13:52:21.871, , ,-1.0,0,0, ,2073039,0.0,95.9,0.05,21.6,19.9,0.0,0.0,65.53,0,37,0.0,98.2,94.5,21.0,
13:52:22.640, , ,-1.0,0,0, ,2073636,0.0,96.0,0.05,21.6,19.8,0.0,0.0,65.53,0,37,0.0,98.2,94.5,21.0,
13:52:23.151, , ,-1.0,0,0, ,2074234,0.0,95.9,0.05,21.6,20.0,0.0,0.0,65.53,0,37,0.0,98.2,94.5,21.0,
13:52:23.655, , ,-1.0,0,0, ,2074832,0.0,95.9,0.05,21.6,19.9,0.0,0.0,65.53,0,36,0.0,98.2,94.5,21.0,
13:52:24.428, , ,-1.0,0,0, ,2075626,0.0,95.9,0.05,21.6,19.9,0.0,0.0,65.53,0,36,0.0,98.2,94.5,21.0,
13:52:24.932, , ,-1.0,0,0, ,2075842,0.0,95.9,0.05,21.6,20.0,0.0,0.0,65.53,0,37,0.0,98.2,94.5,21.0,
13:52:25.688, , ,-1.0,0,0, ,2076829,0.0,95.9,0.05,21.6,20.0,0.0,0.0,65.53,0,37,0.0,98.2,94.5,21.0,
13:52:26.196, , ,-1.0,0,0, ,2077038,0.0,95.9,0.05,21.6,19.9,0.0,0.0,65.53,0,37,0.0,98.2,94.5,21.0,
13:52:26.708, , ,-1.0,0,0, ,2077831,0.0,95.9,0.05,21.6,19.9,0.0,0.0,65.53,0,37,0.0,98.2,94.5,21.0,
13:52:27.475, , ,-1.0,0,0, ,2078648,0.0,95.9,0.05,21.6,19.9,0.0,0.0,65.53,0,37,0.0,98.2,94.5,21.0,
13:52:27.988, , ,-1.0,0,0, ,2079033,0.0,95.9,0.05,21.6,19.9,0.0,0.0,65.53,0,37,0.0,98.2,94.5,21.0,
13:52:28.769, , ,-1.0,0,0, ,2079844,0.0,96.0,0.05,21.6,20.0,0.0,0.0,65.53,0,37,0.0,98.2,94.5,21.0,
13:52:29.275, , ,-1.0,0,0, ,2080443,0.0,95.9,0.05,21.6,19.9,0.0,0.0,65.53,0,37,0.0,98.2,94.5,21.0,
13:52:29.782, , ,-1.0,0,0, ,2080837,0.0,95.9,0.05,21.6,19.9,0.0,0.0,65.53,0,37,0.0,98.2,94.5,21.0,
13:52:30.553, , ,-1.0,0,0, ,2081454,0.0,95.9,0.05,21.6,20.0,0.0,0.0,65.53,0,36,0.0,98.2,94.5,21.0,
13:52:31.066, , ,-1.0,0,0, ,2082052,0.0,95.9,0.05,21.6,20.0,0.0,0.0,65.53,0,37,0.0,98.2,94.5,21.0,
13:52:31.575, , ,-1.0,0,0, ,2082650,0.0,95.9,0.05,21.6,20.0,0.0,0.0,65.53,0,37,0.0,98.2,94.5,21.0,
13:52:32.338, , ,-1.0,0,0, ,2083442,0.0,95.9,0.05,21.6,20.0,0.0,0.0,65.53,0,36,0.0,98.2,94.5,21.0,
13:52:32.843, , ,-1.0,0,0, ,2084043,0.0,95.9,0.05,21.6,19.9,0.0,0.0,65.53,0,37,0.0,98.2,94.5,21.0,
13:52:33.614, , ,-1.0,0,0, ,2084644,0.0,95.9,0.05,21.6,19.9,0.0,0.0,65.53,0,37,0.0,98.2,94.5,21.0,
13:52:34.128, , ,-1.0,0,0, ,2085245,0.0,95.9,0.05,21.6,19.9,0.0,0.0,65.53,0,37,0.0,98.2,94.5,21.0,
13:52:34.643, , ,-1.0,0,0, ,2085847,0.0,95.9,0.05,21.6,20.0,0.0,0.0,65.53,0,37,0.0,98.2,94.5,21.0,
13:52:35.406, , ,-1.0,0,0, ,2086463,0.0,95.9,0.05,21.6,19.9,0.0,0.0,65.53,0,37,0.0,98.2,94.5,21.0,
13:52:35.911, , ,-1.0,0,0, ,2087061,0.0,95.9,0.05,21.6,19.8,0.0,0.0,65.53,0,37,0.0,98.2,94.5,21.0,
13:52:36.681, , ,-1.0,0,0, ,2087659,0.0,96.0,0.05,21.6,20.0,0.0,0.0,65.53,0,37,0.0,98.2,94.5,21.0,
13:52:37.188, , ,-1.0,0,0, ,2088051,0.0,95.9,0.05,21.6,19.9,0.0,0.0,65.53,0,37,0.0,98.2,94.5,21.0,
13:52:37.695, , ,-1.0,0,0, ,2088669,0.0,95.9,0.05,21.6,19.9,0.0,0.0,65.53,0,37,0.0,98.2,94.5,21.0,
13:52:38.461, , ,-1.0,0,0, ,2089654,0.0,95.9,0.05,21.6,19.9,0.0,0.0,65.53,0,37,0.0,98.2,94.5,21.0,
13:52:38.967, , ,-1.0,0,0, ,2089865,0.0,95.9,0.05,21.6,19.9,0.0,0.0,65.53,0,37,0.0,98.2,94.5,21.0,
13:52:39.728, , ,-1.0,0,0, ,2090857,0.0,95.9,0.05,21.6,20.0,0.0,0.0,65.53,0,37,0.0,98.2,94.5,21.0,
13:52:40.245, , ,-1.0,0,0, ,2091474,0.0,95.9,0.05,21.6,20.0,0.0,0.0,65.53,0,37,0.0,98.2,94.5,21.0,
13:52:40.748, , ,-1.0,0,0, ,2091858,0.0,95.9,0.05,21.6,20.0,0.0,0.0,65.53,0,37,0.0,98.2,94.5,21.0,
13:52:41.509, , ,-1.0,0,0, ,2092669,0.0,95.9,0.05,21.6,20.0,0.0,0.0,65.53,0,37,0.0,98.2,94.5,21.0,
13:52:42.021, , ,-1.0,0,0, ,2093061,0.0,95.9,0.05,21.6,19.9,0.0,0.0,65.53,0,37,0.0,98.2,94.5,21.0,
13:52:42.779, , ,-1.0,0,0, ,2093662,0.0,95.9,0.05,21.6,19.9,0.0,0.0,65.53,0,37,0.0,98.2,94.5,21.0,
13:52:43.287, , ,-1.0,0,0, ,2094279,0.0,95.9,0.05,21.6,19.8,0.0,0.0,65.53,0,37,0.0,98.2,94.5,21.0,
13:52:43.788, , ,-1.0,0,0, ,2094877,0.0,95.9,0.05,21.6,19.9,0.0,0.0,65.53,0,36,0.0,98.2,94.5,21.0,
13:52:44.550, , ,-1.0,0,0, ,2095475,0.0,95.9,0.05,21.6,19.9,0.0,0.0,65.53,0,37,0.0,98.2,94.5,21.0,
13:52:45.060, , ,-1.0,0,0, ,2096073,0.0,95.9,0.05,21.6,19.9,0.0,0.0,65.53,0,37,0.0,98.2,94.5,21.0,
13:52:45.825, , ,-1.0,0,0, ,2096867,0.0,96.0,0.05,21.6,20.0,0.0,0.0,65.53,0,37,0.0,98.2,94.5,21.0,
13:52:46.339, , ,-1.0,0,0, ,2097469,0.0,95.9,0.05,21.6,20.0,0.0,0.0,65.53,0,37,0.0,98.2,94.5,21.0,
13:52:46.847, , ,-1.0,0,0, ,2098070,0.0,95.9,0.05,21.6,20.0,0.0,0.0,65.53,0,37,0.0,98.2,94.5,21.0,
13:52:47.615, , ,-1.0,0,0, ,2098671,0.0,95.9,0.05,21.6,20.1,0.0,0.0,65.53,0,37,0.0,98.2,94.5,21.0,
13:52:48.131, , ,-1.0,0,0, ,2099291,0.0,95.9,0.05,21.6,20.0,0.0,0.0,65.53,0,37,0.0,98.2,94.5,21.0,
13:52:48.913, , ,-1.0,0,0, ,2099889,0.0,95.9,0.05,21.6,20.0,0.0,0.0,65.53,0,37,0.0,98.2,94.5,21.0,
13:52:49.421, , ,-1.0,0,0, ,2100488,0.0,95.9,0.05,21.6,20.0,0.0,0.0,65.53,0,37,0.0,98.2,94.5,21.0,
13:52:49.935, , ,-1.0,0,0, ,2101086,0.0,96.0,0.05,21.6,20.0,0.0,0.0,65.53,0,37,0.0,98.2,94.5,21.0,
13:52:50.708, , ,-1.0,0,0, ,2101685,0.0,95.9,0.05,21.6,19.9,0.0,0.0,65.53,0,37,0.0,98.2,94.5,21.0,
13:52:51.218, , ,-1.0,0,0, ,2102078,0.0,95.9,0.05,21.6,20.0,0.0,0.0,65.53,0,36,0.0,98.2,94.5,21.0,
13:52:51.984, , ,-1.0,0,0, ,2103080,0.0,95.9,0.05,21.6,19.9,0.0,0.0,65.53,0,37,0.0,98.2,94.5,21.0,
13:52:52.488, , ,-1.0,0,0, ,2103682,0.0,95.9,0.05,21.6,20.0,0.0,0.0,65.53,0,37,0.0,98.2,94.5,21.0,
13:52:52.999, , ,-1.0,0,0, ,2103891,0.0,95.9,0.05,21.6,19.9,0.0,0.0,65.53,0,37,0.0,98.2,94.5,21.0,
13:52:53.764, , ,-1.0,0,0, ,2104884,0.0,95.9,0.05,21.6,20.0,0.0,0.0,65.53,0,37,0.0,98.2,94.5,21.0,
13:52:54.273, , ,-1.0,0,0, ,2105499,0.0,95.9,0.05,21.6,19.9,0.0,0.0,65.53,0,37,0.0,98.2,94.5,21.0,
13:52:54.774, , ,-1.0,0,0, ,2105885,0.0,95.9,0.05,21.6,20.0,0.0,0.0,65.53,0,37,0.0,98.2,94.5,21.0,
13:52:55.543, , ,-1.0,0,0, ,2106695,0.0,95.9,0.05,21.6,19.9,0.0,0.0,65.53,0,37,0.0,98.2,94.5,21.0,
13:52:56.048, , ,-1.0,0,0, ,2107088,0.0,95.9,0.05,21.6,19.9,0.0,0.0,65.53,0,37,0.0,98.2,94.5,21.0,
13:52:56.813, , ,-1.0,0,0, ,2107706,0.0,95.9,0.05,21.6,19.9,0.0,0.0,65.53,0,36,0.0,98.2,94.5,21.0,
13:52:57.321, , ,-1.0,0,0, ,2108304,0.0,95.9,0.05,21.6,20.0,0.0,0.0,65.53,0,37,0.0,98.2,94.5,21.0,
13:52:57.832, , ,-1.0,0,0, ,2108902,0.0,96.0,0.05,21.6,20.0,0.0,0.0,65.53,0,37,0.0,98.2,94.5,21.0,
13:52:58.602, , ,-1.0,0,0, ,2109501,0.0,95.9,0.05,21.6,19.9,0.0,0.0,65.53,0,37,0.0,98.2,94.5,21.0,
13:52:59.109, , ,-1.0,0,0, ,2110295,0.0,95.9,0.05,21.6,20.0,0.0,0.0,65.53,0,37,0.0,98.2,94.5,21.0,
13:52:59.883, , ,-1.0,0,0, ,2111109,0.0,95.9,0.05,21.6,20.0,0.0,0.0,65.53,0,37,0.0,98.2,94.5,21.0,
13:53:00.390, , ,-1.0,0,0, ,2111497,0.0,95.9,0.05,21.6,19.9,0.0,0.0,65.53,0,37,0.0,98.2,94.5,21.0,
13:53:00.900, , ,-1.0,0,0, ,2112098,0.0,95.9,0.05,21.6,19.9,0.0,0.0,65.53,0,37,0.0,98.2,94.5,21.0,
13:53:01.679, , ,-1.0,0,0, ,2112715,0.0,95.9,0.05,21.6,20.0,0.0,0.0,65.53,0,37,0.0,98.2,94.5,21.0,
13:53:02.181, , ,-1.0,0,0, ,2113313,0.0,95.9,0.05,21.6,20.0,0.0,0.0,65.53,0,37,0.0,98.2,94.5,21.0,
13:53:02.943, , ,-1.0,0,0, ,2113910,0.0,95.9,0.05,21.6,20.0,0.0,0.0,65.53,0,37,0.0,98.2,94.5,21.0,
13:53:03.452, , ,-1.0,0,0, ,2114508,0.0,95.9,0.05,21.6,20.0,0.0,0.0,65.53,0,37,0.0,98.2,94.5,21.0,
13:53:03.959, , ,-1.0,0,0, ,2114904,0.0,95.9,0.05,21.6,19.9,0.0,0.0,65.53,0,37,0.0,98.2,94.5,21.0,
13:53:04.731, , ,-1.0,0,0, ,2115905,0.0,95.9,0.05,21.6,20.0,0.0,0.0,65.53,0,37,0.0,98.2,94.5,21.0,
13:53:05.239, , ,-1.0,0,0, ,2116506,0.0,96.0,0.05,21.6,19.9,0.0,0.0,65.53,0,37,0.0,98.2,94.5,21.0,
13:53:05.749, , ,-1.0,0,0, ,2116714,0.0,95.9,0.05,21.6,20.0,0.0,0.0,65.53,0,37,0.0,98.2,94.5,21.0,
13:53:06.511, , ,-1.0,0,0, ,2117724,0.0,95.9,0.05,21.7,19.9,0.0,0.0,65.53,0,37,0.0,98.2,94.5,21.0,
13:53:07.019, , ,-1.0,0,0, ,2118109,0.0,95.9,0.05,21.6,20.0,0.0,0.0,65.53,0,37,0.0,98.2,94.5,21.0,
13:53:07.789, , ,-1.0,0,0, ,2118918,0.0,95.9,0.05,21.6,20.0,0.0,0.0,65.53,0,37,0.0,98.2,94.5,21.0,
13:53:08.300, , ,-1.0,0,0, ,2119311,0.0,95.9,0.05,21.6,19.9,0.0,0.0,65.53,0,37,0.0,98.2,94.5,21.0,
13:53:08.814, , ,-1.0,0,0, ,2119928,0.0,95.9,0.05,21.6,20.0,0.0,0.0,65.53,0,37,0.0,98.2,94.5,21.0,
13:53:09.582, , ,-1.0,0,0, ,2120526,0.0,95.9,0.05,21.6,19.9,0.0,0.0,65.53,0,37,0.0,98.2,94.5,21.0,
13:53:10.092, , ,-1.0,0,0, ,2121123,0.0,95.9,0.05,21.6,20.0,0.0,0.0,65.53,0,37,0.0,98.2,94.5,21.0,
13:53:10.862, , ,-1.0,0,0, ,2122117,0.0,95.9,0.05,21.6,20.0,0.0,0.0,65.53,0,37,0.0,98.2,94.5,21.0,
13:53:11.371, , ,-1.0,0,0, ,2122518,0.0,95.9,0.05,21.6,20.0,0.0,0.0,65.53,0,37,0.0,98.2,94.5,21.0,
13:53:11.881, , ,-1.0,0,0, ,2123119,0.0,95.9,0.05,21.6,20.0,0.0,0.0,65.53,0,37,0.0,98.2,94.5,21.0,
13:53:12.650, , ,-1.0,0,0, ,2123721,0.0,95.9,0.05,21.6,19.9,0.0,0.0,65.53,0,37,0.0,98.2,94.5,21.0,
13:53:13.162, , ,-1.0,0,0, ,2124341,0.0,95.9,0.05,21.6,20.0,0.0,0.0,65.53,0,37,0.0,98.2,94.5,21.0,
13:53:13.922, , ,-1.0,0,0, ,2124939,0.0,95.9,0.05,21.6,20.0,0.0,0.0,65.53,0,37,0.0,98.2,94.5,21.0,
13:53:14.422, , ,-1.0,0,0, ,2125324,0.0,95.9,0.05,21.6,20.1,0.0,0.0,65.53,0,37,0.0,98.2,94.5,21.0,
13:53:14.936, , ,-1.0,0,0, ,2126126,0.0,95.9,0.05,21.6,19.8,0.0,0.0,65.53,0,37,0.0,98.2,94.5,21.0,
13:53:15.708, , ,-1.0,0,0, ,2126927,0.0,95.9,0.05,21.6,20.0,0.0,0.0,65.53,0,37,0.0,98.2,94.5,21.0,
13:53:16.221, , ,-1.0,0,0, ,2127328,0.0,95.9,0.05,21.6,19.8,0.0,0.0,65.53,0,37,0.0,98.2,94.5,21.0,
13:53:16.987, , ,-1.0,0,0, ,2128130,0.0,95.9,0.05,21.6,20.0,0.0,0.0,65.53,0,37,0.0,98.2,94.5,21.0,
13:53:17.500, , ,-1.0,0,0, ,2128530,0.0,95.9,0.05,21.6,19.9,0.0,0.0,65.53,0,37,0.0,98.2,94.5,21.0,
13:53:18.013, , ,-1.0,0,0, ,2128931,0.0,95.9,0.05,21.6,20.0,0.0,0.0,65.53,0,37,0.0,98.2,94.5,21.0,
13:53:18.783, , ,-1.0,0,0, ,2129732,0.0,95.9,0.05,21.6,20.0,0.0,0.0,65.53,0,37,0.0,98.2,94.5,21.0,
13:53:19.291, , ,-1.0,0,0, ,2130342,0.0,96.0,0.05,21.6,19.9,0.0,0.0,65.53,0,37,0.0,98.2,94.5,21.0,
13:53:19.798, , ,-1.0,0,0, ,2130735,0.0,95.9,0.05,21.6,20.0,0.0,0.0,65.53,0,37,0.0,98.2,94.5,21.0,
13:53:20.574, , ,-1.0,0,0, ,2131736,0.0,95.9,0.05,21.6,20.0,0.0,0.0,65.53,0,37,0.0,98.2,94.5,21.0,
13:53:21.088, , ,-1.0,0,0, ,2132137,0.0,95.9,0.05,21.6,20.0,0.0,0.0,65.53,0,36,0.0,98.2,94.5,21.0,
13:53:21.861, , ,-1.0,0,0, ,2133139,0.0,96.0,0.05,21.6,20.0,0.0,0.0,65.53,0,38,0.0,98.2,94.5,21.0,
13:53:22.371, , ,-1.0,0,0, ,2133353,0.0,95.9,0.05,21.6,20.0,0.0,0.0,65.53,0,37,0.0,98.2,94.5,21.0,
13:53:22.875, , ,-1.0,0,0, ,2133951,0.0,95.9,0.05,21.6,20.0,0.0,0.0,65.53,0,37,0.0,98.2,94.5,21.0,
13:53:23.633, , ,-1.0,0,0, ,2134742,0.0,95.9,0.05,21.6,19.9,0.0,0.0,65.53,0,37,0.0,98.2,94.5,21.0,
13:53:24.151, , ,-1.0,0,0, ,2135343,0.0,95.9,0.05,21.6,20.0,0.0,0.0,65.53,0,37,0.0,98.2,94.5,21.0,
13:53:24.906, , ,-1.0,0,0, ,2136156,0.0,95.9,0.05,21.6,19.8,0.0,0.0,65.53,0,37,0.0,98.2,94.5,21.0,
13:53:25.411, , ,-1.0,0,0, ,2136546,0.0,95.9,0.05,21.6,19.9,0.0,0.0,65.53,0,37,0.0,98.2,94.5,21.0,
13:53:26.178, , ,-1.0,0,0, ,2137147,0.0,95.9,0.05,21.6,20.0,0.0,0.0,65.53,0,37,0.0,98.2,94.5,21.0,
13:53:26.692, , ,-1.0,0,0, ,2137764,0.0,95.9,0.05,21.6,20.0,0.0,0.0,65.53,0,37,0.0,98.2,94.5,21.0,
13:53:27.200, , ,-1.0,0,0, ,2138362,0.0,95.9,0.05,21.6,20.0,0.0,0.0,65.53,0,37,0.0,98.2,94.5,21.0,
13:53:27.962, , ,-1.0,0,0, ,2138960,0.0,95.9,0.05,21.6,19.9,0.0,0.0,65.53,0,36,0.0,98.2,94.5,21.0,
13:53:28.468, , ,-1.0,0,0, ,2139558,0.0,95.9,0.05,21.6,20.0,0.0,0.0,65.53,0,37,0.0,98.2,94.5,21.0,
13:53:29.255, , ,-1.0,0,0, ,2140569,0.0,95.9,0.05,21.6,19.9,0.0,0.0,65.53,0,38,0.0,98.2,94.5,21.0,
13:53:29.766, , ,-1.0,0,0, ,2140955,0.0,95.9,0.05,21.7,20.0,0.0,0.0,65.53,0,37,0.0,98.2,94.5,21.0,
13:53:30.273, , ,-1.0,0,0, ,2141556,0.0,95.9,0.05,21.6,19.9,0.0,0.0,65.53,0,37,0.0,98.2,94.5,21.0,
13:53:31.033, , ,-1.0,0,0, ,2142157,0.0,95.9,0.05,21.6,20.0,0.0,0.0,65.53,0,37,0.0,98.2,94.5,21.0,
13:53:31.539, , ,-1.0,0,0, ,2142776,0.0,95.9,0.05,21.6,19.9,0.0,0.0,65.53,0,37,0.0,98.2,94.5,21.0,
13:53:32.300, , ,-1.0,0,0, ,2143375,0.0,95.9,0.05,21.6,19.9,0.0,0.0,65.53,0,39,0.0,98.2,94.5,21.0,
13:53:32.809, , ,-1.0,0,0, ,2143974,0.0,95.9,0.05,21.6,20.0,0.0,0.0,65.53,0,37,0.0,98.2,94.5,21.0,
13:53:33.315, , ,-1.0,0,0, ,2144572,0.0,95.9,0.05,21.6,20.1,0.0,0.0,65.53,0,37,0.0,98.2,94.5,21.0,
13:53:34.074, , ,-1.0,0,0, ,2145363,0.0,95.9,0.05,21.6,19.8,0.0,0.0,65.53,0,37,0.0,98.2,94.5,21.0,
13:53:34.588, , ,-1.0,0,0, ,2145764,0.0,95.9,0.05,21.6,19.9,0.0,0.0,65.53,0,37,0.0,98.2,94.5,21.0,
13:53:35.355, , ,-1.0,0,0, ,2146567,0.0,95.9,0.05,21.6,19.9,0.0,0.0,65.53,0,37,0.0,98.2,94.5,21.0,
13:53:35.871, , ,-1.0,0,0, ,2146967,0.0,95.9,0.05,21.6,19.9,0.0,0.0,65.53,0,37,0.0,98.2,94.5,21.0,
13:53:36.381, , ,-1.0,0,0, ,2147367,0.0,95.9,0.05,21.6,20.0,0.0,0.0,65.53,0,37,0.0,98.2,94.5,21.0,
13:53:37.149, , ,-1.0,0,0, ,2148169,0.0,95.9,0.05,21.6,19.9,0.0,0.0,65.53,0,37,0.0,98.2,94.5,21.0,
13:53:37.662, , ,-1.0,0,0, ,2148971,0.0,95.9,0.05,21.6,19.9,0.0,0.0,65.53,0,37,0.0,98.2,94.5,21.0,
13:53:38.415, , ,-1.0,0,0, ,2149371,0.0,95.9,0.05,21.6,20.0,0.0,0.0,65.53,0,37,0.0,98.2,94.5,21.0,
13:53:38.928, , ,-1.0,0,0, ,2150173,0.0,96.0,0.05,21.6,19.9,0.0,0.0,65.53,0,37,0.0,98.2,94.5,21.0,
13:53:39.700, , ,-1.0,0,0, ,2150975,0.0,96.0,0.05,21.6,20.0,0.0,0.0,65.53,0,37,0.0,98.2,94.5,21.0,
13:53:40.208, , ,-1.0,0,0, ,2151375,0.0,95.9,0.05,21.6,20.1,0.0,0.0,65.53,0,37,0.0,98.2,94.5,21.0,
13:53:40.712, , ,-1.0,0,0, ,2151777,0.0,96.0,0.05,21.6,19.9,0.0,0.0,65.53,0,37,0.0,98.2,94.5,21.0,
13:53:41.475, , ,-1.0,0,0, ,2152578,0.0,95.9,0.05,21.6,20.0,0.0,0.0,65.53,0,37,0.0,98.2,94.5,21.0,
13:53:41.982, , ,-1.0,0,0, ,2152979,0.0,95.9,0.05,21.6,19.9,0.0,0.0,65.52,0,37,0.0,98.2,94.5,21.0,
13:53:42.751, , ,-1.0,0,0, ,2153781,0.0,95.9,0.05,21.6,20.0,0.0,0.0,65.53,0,37,0.0,98.2,94.5,21.0,
13:53:43.265, , ,-1.0,0,0, ,2154583,0.0,96.0,0.05,21.6,20.0,0.0,0.0,65.53,0,37,0.0,98.2,94.5,21.0,
13:53:43.779, , ,-1.0,0,0, ,2154983,0.0,95.9,0.05,21.6,19.9,0.0,0.0,65.53,0,37,0.0,98.2,94.5,21.0,
13:53:44.548, , ,-1.0,0,0, ,2155785,0.0,95.9,0.05,21.6,19.9,0.0,0.0,65.53,0,37,0.0,98.2,94.5,21.0,
13:53:45.059, , ,-1.0,0,0, ,2156185,0.0,95.9,0.05,21.6,20.0,0.0,0.0,65.53,0,37,0.0,98.2,94.5,21.0,
13:53:45.828, , ,-1.0,0,0, ,2156987,0.0,95.9,0.05,21.6,19.9,0.0,0.0,65.53,0,37,0.0,98.2,94.5,21.0,
13:53:46.333, , ,-1.0,0,0, ,2157387,0.0,95.9,0.05,21.6,19.9,0.0,0.0,65.53,0,37,0.0,98.2,94.5,21.0,
13:53:46.847, , ,-1.0,0,0, ,2158190,0.0,95.9,0.05,21.6,20.0,0.0,0.0,65.53,0,37,0.0,98.2,94.5,21.0,
13:53:47.617, , ,-1.0,0,0, ,2158590,0.0,95.9,0.05,21.6,20.0,0.0,0.0,65.53,0,37,0.0,98.2,94.5,21.0,
13:53:48.120, , ,-1.0,0,0, ,2159392,0.0,95.9,0.05,21.6,19.9,0.0,0.0,65.53,0,37,0.0,98.2,94.5,21.0,
13:53:48.902, , ,-1.0,0,0, ,2160194,0.0,95.9,0.05,21.6,20.0,0.0,0.0,65.53,0,37,0.0,98.2,94.5,21.0,
13:53:49.406, , ,-1.0,0,0, ,2160594,0.0,95.9,0.05,21.6,20.0,0.0,0.0,65.53,0,37,0.0,98.2,94.5,21.0,
13:53:49.908, , ,-1.0,0,0, ,2160995,0.0,95.9,0.05,21.6,20.0,0.0,0.0,65.53,0,37,0.0,98.2,94.5,21.0,
13:53:50.675, , ,-1.0,0,0, ,2161797,0.0,95.9,0.05,21.6,20.0,0.0,0.0,65.53,0,37,0.0,98.2,94.5,21.0,
13:53:51.194, , ,-1.0,0,0, ,2162197,0.0,95.9,0.05,21.6,19.9,0.0,0.0,65.53,0,37,0.0,98.2,94.5,21.0,
13:53:51.950, , ,-1.0,0,0, ,2162999,0.0,95.9,0.05,21.6,19.9,0.0,0.0,65.53,0,37,0.0,98.2,94.5,21.0,
13:53:52.464, , ,-1.0,0,0, ,2163801,0.0,95.9,0.05,21.6,19.9,0.0,0.0,65.53,0,37,0.0,98.2,94.5,21.0,
13:53:52.974, , ,-1.0,0,0, ,2164201,0.0,95.9,0.05,21.6,19.9,0.0,0.0,65.53,0,37,0.0,98.2,94.5,21.0,
13:53:53.739, , ,-1.0,0,0, ,2165003,0.0,95.9,0.05,21.6,20.0,0.0,0.0,65.53,0,37,0.0,98.2,94.5,21.0,
13:53:54.249, , ,-1.0,0,0, ,2165404,0.0,95.9,0.05,21.6,20.0,0.0,0.0,65.53,0,37,0.0,98.2,94.5,21.0,
13:53:55.000, , ,-1.0,0,0, ,2166206,0.0,95.9,0.05,21.6,19.9,0.0,0.0,65.53,0,36,0.0,98.2,94.5,21.0,
13:53:55.511, , ,-1.0,0,0, ,2166606,0.0,95.9,0.05,21.6,20.0,0.0,0.0,65.53,0,37,0.0,98.2,94.5,21.0,
13:53:56.276, , ,-1.0,0,0, ,2167408,0.0,95.9,0.05,21.6,20.0,0.0,0.0,65.53,0,37,0.0,98.2,94.5,21.0,
13:53:56.779, , ,-1.0,0,0, ,2167809,0.0,95.9,0.05,21.6,19.9,0.0,0.0,65.53,0,37,0.0,98.2,94.5,21.0,
13:53:57.290, , ,-1.0,0,0, ,2168610,0.0,95.9,0.05,21.6,19.9,0.0,0.0,65.53,0,36,0.0,98.2,94.5,21.0,
13:53:58.044, , ,-1.0,0,0, ,2169412,0.0,95.9,0.05,21.6,19.9,0.0,0.0,65.53,0,37,0.0,98.2,94.5,21.0,
13:53:58.554, , ,-1.0,0,0, ,2169812,2967.0,95.6,0.06,21.6,20.9,90.1,11.6,0.18,0,37,13.0,97.9,94.5,21.0,
13:53:59.326, , ,-1.0,0,0, ,2170614,10118.0,95.9,0.09,21.6,20.8,0.0,0.0,0.21,0,37,0.0,98.2,94.5,21.0,
13:53:59.836, , ,-1.0,0,0, ,2171016,8123.0,95.9,0.09,21.6,20.6,0.0,0.0,0.17,0,37,0.0,98.2,94.5,21.0,
13:54:00.345, , ,-1.0,0,0, ,2171416,6409.0,95.9,0.09,21.6,20.6,0.0,0.0,0.12,0,37,0.0,98.2,94.5,21.0,
13:54:01.109, , ,-1.0,0,0, ,2172218,3415.0,95.9,0.09,21.6,20.7,0.0,0.0,0.07,0,37,0.0,98.2,94.5,21.0,
13:54:01.620, , ,-1.0,0,0, ,2172618,2247.0,95.9,0.09,21.6,20.5,0.0,0.0,0.05,0,37,0.0,98.2,94.5,21.0,
13:54:02.396, , ,-1.0,0,0, ,2173420,-12.0,95.9,0.09,21.6,20.6,0.0,0.0,65.53,0,37,0.0,98.2,94.5,21.0,
13:54:02.904, , ,-1.0,0,0, ,2174222,0.0,95.9,0.09,21.6,20.3,0.0,0.0,65.53,0,36,0.0,98.2,94.5,21.0,
13:54:03.416, , ,-1.0,0,0, ,2174623,0.0,95.9,0.09,21.7,20.3,0.0,0.0,65.53,0,37,0.0,98.2,94.5,21.0,
13:54:04.176, , ,-1.0,0,0, ,2175424,0.0,95.9,0.09,21.6,20.2,0.0,0.0,65.53,0,37,0.0,98.2,94.5,21.0,
13:54:04.692, , ,-1.0,0,0, ,2175825,0.0,95.9,0.09,21.6,20.3,0.0,0.0,65.53,0,37,0.0,98.2,94.5,21.0,
13:54:05.462, , ,-1.0,0,0, ,2176627,48.0,95.9,0.09,21.6,20.7,60.1,1.7,0.08,0,37,2.7,98.2,94.5,21.0,
13:54:05.969, , ,-1.0,0,0, ,2177028,5012.0,95.9,0.1,21.6,20.7,0.0,0.0,0.1,0,37,0.0,98.2,94.5,21.0,
13:54:06.740, , ,-1.0,0,0, ,2177829,2262.0,95.9,0.1,21.6,20.6,0.0,0.0,0.04,0,37,0.0,98.2,94.5,21.0,
current_time,latitude,longitude,speed,miles,miles_lap,rtc,millis,rpm,input_voltage,motor_watt,motor_tempMosfet,motor_tempMotor,motor_current,battery_current,motor_dutyCycle,motor_error,rasp_temp,battery_ampere,battery_voltage,charge,battery_temperature,autonomy
14:04:01.397, , ,-1.0,0,0, ,331459,0.0,95.9,0.0,22.2,23.0,0.0,0.0,0.01,0,36,0.0,98.2,94.5,21.0,
14:04:01.905, , ,-1.0,0,0, ,331677,0.0,95.9,0.0,22.2,23.0,0.0,0.0,0.01,0,36,0.0,98.2,94.5,21.0,
14:04:02.413, , ,-1.0,0,0, ,332276,0.0,95.9,0.0,22.2,23.0,0.0,0.0,0.01,0,36,0.0,98.2,94.5,21.0,
14:04:02.922, , ,-1.0,0,0, ,332875,0.0,95.9,0.0,22.2,23.0,0.0,0.0,0.01,0,36,0.0,98.2,94.5,21.0,
14:04:03.430, , ,-1.0,0,0, ,333475,0.0,95.9,0.0,22.2,23.0,0.0,0.0,0.01,0,36,0.0,98.2,94.5,21.0,
14:04:03.945, , ,-1.0,0,0, ,334074,0.0,95.9,0.0,22.2,23.0,0.0,0.0,0.01,0,36,0.0,98.2,94.5,21.0,
14:04:04.446, , ,-1.0,0,0, ,334465,0.0,95.9,0.0,22.2,23.1,0.0,0.0,0.01,0,35,0.0,98.2,94.5,21.0,
14:04:04.947, , ,-1.0,0,0, ,335067,0.0,95.9,0.0,22.2,23.1,0.0,0.0,0.01,0,35,0.0,98.2,94.5,21.0,
14:04:05.450, , ,-1.0,0,0, ,335272,0.0,95.9,0.0,22.2,23.0,0.0,0.0,0.01,0,35,0.0,98.2,94.5,21.0,
14:04:06.217, , ,-1.0,0,0, ,336285,0.0,95.9,0.0,22.2,23.1,0.0,0.0,0.01,0,35,0.0,98.2,94.5,21.0,
14:04:06.724, , ,-1.0,0,0, ,336669,0.0,95.9,0.0,22.2,23.0,0.0,0.0,0.01,0,35,0.0,98.2,94.5,21.0,
14:04:07.231, , ,-1.0,0,0, ,337270,0.0,95.9,0.0,22.2,23.0,0.0,0.0,0.01,0,35,0.0,98.2,94.5,21.0,
14:04:07.740, , ,-1.0,0,0, ,337871,0.0,95.9,0.0,22.2,23.1,0.0,0.0,0.01,0,35,0.0,98.2,94.5,21.0,
14:04:08.242, , ,-1.0,0,0, ,338082,0.0,95.9,0.0,22.2,23.1,0.0,0.0,0.01,0,34,0.0,98.2,94.5,21.0,
14:04:08.754, , ,-1.0,0,0, ,338681,0.0,95.9,0.0,22.2,23.0,0.0,0.0,0.01,0,35,0.0,98.2,94.5,21.0,
14:04:09.268, , ,-1.0,0,0, ,339280,0.0,95.9,0.0,22.2,23.0,0.0,0.0,0.01,0,35,0.0,98.2,94.5,21.0,
14:04:09.772, , ,-1.0,0,0, ,339675,0.0,95.9,0.0,22.2,23.1,0.0,0.0,0.01,0,36,0.0,98.2,94.5,21.0,
14:04:10.282, , ,-1.0,0,0, ,340292,0.0,95.9,0.0,22.2,23.1,0.0,0.0,0.01,0,36,0.0,98.2,94.5,21.0,
14:04:10.795, , ,-1.0,0,0, ,340891,0.0,95.9,0.0,22.1,23.2,0.0,0.0,0.01,0,36,0.0,98.2,94.5,21.0,
14:04:11.306, , ,-1.0,0,0, ,341277,0.0,95.9,0.0,22.2,23.1,0.0,0.0,0.01,0,35,0.0,98.2,94.5,21.0,
14:04:11.808, , ,-1.0,0,0, ,341878,0.0,95.9,0.0,22.2,23.1,0.0,0.0,0.01,0,36,0.0,98.2,94.5,21.0,
14:04:12.319, , ,-1.0,0,0, ,342089,0.0,95.9,0.0,22.2,23.0,0.0,0.0,0.01,0,36,0.0,98.2,94.5,21.0,
14:04:13.080, , ,-1.0,0,0, ,343081,0.0,95.9,0.0,22.2,23.1,0.0,0.0,0.01,0,35,0.0,98.2,94.5,21.0,
14:06:20.045, , ,-1.0,0,0, ,470340,0.0,95.9,0.0,22.2,23.1,0.0,0.0,0.01,0,36,0.0,98.2,94.5,21.0,
14:06:20.561, , ,-1.0,0,0, ,470941,0.0,95.9,0.0,22.2,23.1,0.0,0.0,0.01,0,37,0.0,98.2,94.5,21.0,
14:06:21.315, , ,-1.0,0,0, ,471342,0.0,95.9,0.0,22.2,23.0,0.0,0.0,0.01,0,35,0.0,98.2,94.5,21.0,
14:06:21.826, , ,-1.0,0,0, ,472142,0.0,95.9,0.0,22.2,23.2,0.0,0.0,0.01,0,36,0.0,98.2,94.5,21.0,
14:06:22.337, , ,-1.0,0,0, ,472544,0.0,95.9,0.0,22.2,23.1,0.0,0.0,0.01,0,36,0.0,98.2,94.5,21.0,
14:06:22.842, , ,-1.0,0,0, ,472944,0.0,95.9,0.0,22.1,23.1,0.0,0.0,0.01,0,37,0.0,98.2,94.5,21.0,
14:06:23.357, , ,-1.0,0,0, ,473746,0.0,95.9,0.0,22.2,23.1,0.0,0.0,0.01,0,35,0.0,98.2,94.5,21.0,
14:06:23.866, , ,-1.0,0,0, ,474146,0.0,95.9,0.0,22.1,23.1,0.0,0.0,0.01,0,35,0.0,98.2,94.5,21.0,
14:06:24.372, , ,-1.0,0,0, ,474548,0.0,95.9,0.0,22.2,23.1,0.0,0.0,0.01,0,36,0.0,98.2,94.5,21.0,
14:06:24.878, , ,-1.0,0,0, ,474948,0.0,95.9,0.0,22.2,23.0,0.0,0.0,65.52,0,36,0.0,98.2,94.5,21.0,
14:06:25.383, , ,-1.0,0,0, ,475750,0.0,95.9,0.0,22.1,23.2,0.0,0.0,0.01,0,37,0.0,98.2,94.5,21.0,
14:06:26.156, , ,-1.0,0,0, ,476552,0.0,95.9,0.0,22.1,23.1,0.0,0.0,0.01,0,37,0.0,98.2,94.5,21.0,
14:06:26.656, , ,-1.0,0,0, ,476953,0.0,95.9,0.0,22.2,23.2,0.0,0.0,0.01,0,37,0.0,98.2,94.5,21.0,
14:06:27.156, , ,-1.0,0,0, ,477353,0.0,95.9,0.0,22.1,23.0,0.0,0.0,0.01,0,36,0.0,98.2,94.5,21.0,
14:06:27.671, , ,-1.0,0,0, ,477755,0.0,95.9,0.0,22.2,23.2,0.0,0.0,0.01,0,37,0.0,98.2,94.5,21.0,
14:06:28.177, , ,-1.0,0,0, ,478557,0.0,95.9,0.0,22.1,23.2,0.0,0.0,0.01,0,36,0.0,98.2,94.5,21.0,
14:06:28.692, , ,-1.0,0,0, ,478957,0.0,95.9,0.0,22.2,23.1,0.0,0.0,0.01,0,36,0.0,98.2,94.5,21.0,
14:06:29.198, , ,-1.0,0,0, ,479358,0.0,95.9,0.0,22.2,23.0,0.0,0.0,0.0,0,36,0.0,98.2,94.5,21.0,
14:06:29.709, , ,-1.0,0,0, ,479759,0.0,95.9,0.0,22.2,23.1,0.0,0.0,0.01,0,37,0.0,98.2,94.5,21.0,
14:06:30.218, , ,-1.0,0,0, ,480561,0.0,95.9,0.0,22.2,23.0,0.0,0.0,65.52,0,36,0.0,98.2,94.5,21.0,
14:06:30.975, , ,-1.0,0,0, ,481362,0.0,95.9,0.0,22.2,23.1,0.0,0.0,0.01,0,37,0.0,98.2,94.5,21.0,
14:06:31.479, , ,-1.0,0,0, ,481763,0.0,95.9,0.0,22.2,23.1,0.0,0.0,0.01,0,36,0.0,98.2,94.5,21.0,
14:06:31.982, , ,-1.0,0,0, ,482371,0.0,95.9,0.0,22.2,23.0,0.0,0.0,0.01,0,36,0.0,98.2,94.5,21.0,
14:06:32.498, , ,-1.0,0,0, ,482765,0.0,95.9,0.0,22.2,23.1,0.0,0.0,0.01,0,37,0.0,98.2,94.5,21.0,
14:06:33.015, , ,-1.0,0,0, ,483384,0.0,95.9,0.0,22.2,23.1,0.0,0.0,0.01,0,36,0.0,98.2,94.5,21.0,
14:06:33.521, , ,-1.0,0,0, ,483768,0.0,95.9,0.0,22.2,23.0,0.0,0.0,0.01,0,37,0.0,98.2,94.5,21.0,
14:06:34.028, , ,-1.0,0,0, ,484369,0.0,95.9,0.0,22.2,23.2,0.0,0.0,0.01,0,36,0.0,98.2,94.5,21.0,
14:06:34.534, , ,-1.0,0,0, ,484582,0.0,95.9,0.0,22.1,23.2,0.0,0.0,0.01,0,37,0.0,98.2,94.5,21.0,
14:06:35.297, , ,-1.0,0,0, ,485571,0.0,95.9,0.0,22.2,23.1,0.0,0.0,0.01,0,37,0.0,98.2,94.5,21.0,
14:06:35.802, , ,-1.0,0,0, ,486173,0.0,95.9,0.0,22.2,23.1,0.0,0.0,0.01,0,36,0.0,98.2,94.5,21.0,
14:06:36.314, , ,-1.0,0,0, ,486380,0.0,95.9,0.0,22.2,23.0,0.0,0.0,0.01,0,37,0.0,98.2,94.5,21.0,
14:06:36.820, , ,-1.0,0,0, ,487175,0.0,95.9,0.0,22.1,23.1,0.0,0.0,0.01,0,37,0.0,98.2,94.5,21.0,
14:06:37.328, , ,-1.0,0,0, ,487393,0.0,95.9,0.0,22.2,23.2,0.0,0.0,0.01,0,36,0.0,98.2,94.5,21.0,
14:06:37.834, , ,-1.0,0,0, ,487992,0.0,95.9,0.0,22.2,23.2,0.0,0.0,0.01,0,36,0.0,98.2,94.5,21.0,
14:06:38.345, , ,-1.0,0,0, ,488591,0.0,95.9,0.0,22.1,23.1,0.0,0.0,0.01,0,37,0.0,98.2,94.5,21.0,
14:06:38.856, , ,-1.0,0,0, ,489190,0.0,95.9,0.0,22.2,23.1,0.0,0.0,0.01,0,37,0.0,98.2,94.5,21.0,
14:06:39.369, , ,-1.0,0,0, ,489790,0.0,95.9,0.0,22.2,23.1,0.0,0.0,0.01,0,37,0.0,98.2,94.5,21.0,
14:06:39.867, , ,-1.0,0,0, ,490182,0.0,95.9,0.0,22.1,23.2,0.0,0.0,0.01,0,37,0.0,98.2,94.5,21.0,
14:06:40.636, , ,-1.0,0,0, ,490783,0.0,95.9,0.0,22.2,23.1,0.0,0.0,0.01,0,36,0.0,98.2,94.5,21.0,
14:06:41.143, , ,-1.0,0,0, ,491402,0.0,95.9,0.0,22.2,23.0,0.0,0.0,0.01,0,36,0.0,98.2,94.5,21.0,
14:06:41.648, , ,-1.0,0,0, ,492002,0.0,95.9,0.0,22.1,23.2,0.0,0.0,0.01,0,37,0.0,98.2,94.5,21.0,
14:06:42.166, , ,-1.0,0,0, ,492601,0.0,95.9,0.0,22.2,23.1,0.0,0.0,0.01,0,37,0.0,98.2,94.5,21.0,
14:06:42.669, , ,-1.0,0,0, ,492989,0.0,95.9,0.0,22.1,23.2,0.0,0.0,0.01,0,36,0.0,98.2,94.5,21.0,
14:06:43.176, , ,-1.0,0,0, ,493590,0.0,95.9,0.0,22.2,23.2,0.0,0.0,65.52,0,36,0.0,98.2,94.5,21.0,
14:06:43.685, , ,-1.0,0,0, ,493800,0.0,95.9,0.0,22.2,23.2,0.0,0.0,0.01,0,36,0.0,98.2,94.5,21.0,
14:06:44.202, , ,-1.0,0,0, ,494399,0.0,95.9,0.0,22.2,23.1,0.0,0.0,0.01,0,36,0.0,98.2,94.5,21.0,
14:06:44.974, , ,-1.0,0,0, ,495411,0.0,95.9,0.0,22.2,23.2,0.0,0.0,0.01,0,36,0.0,98.2,94.5,21.0,
14:06:45.483, , ,-1.0,0,0, ,495795,0.0,95.9,0.0,22.2,23.2,0.0,0.0,0.01,0,37,0.0,98.2,94.5,21.0,
14:06:45.992, , ,-1.0,0,0, ,496396,0.0,95.9,0.0,22.2,23.2,0.0,0.0,0.01,0,36,0.0,98.2,94.5,21.0,
14:06:46.501, , ,-1.0,0,0, ,496610,0.0,95.9,0.0,22.2,23.1,0.0,0.0,0.01,0,36,0.0,98.2,94.5,21.0,
14:06:47.008, , ,-1.0,0,0, ,497209,0.0,95.9,0.0,22.2,23.3,0.0,0.0,0.01,0,37,0.0,98.2,94.5,21.0,
14:06:47.520, , ,-1.0,0,0, ,497808,0.0,95.9,0.0,22.2,23.3,0.0,0.0,0.01,0,35,0.0,98.2,94.5,21.0,
14:06:48.029, , ,-1.0,0,0, ,498408,0.0,95.9,0.0,22.2,23.1,0.0,0.0,0.01,0,36,0.0,98.2,94.5,21.0,
14:06:48.536, , ,-1.0,0,0, ,498800,0.0,95.9,0.0,22.2,23.2,0.0,0.0,0.01,0,36,0.0,98.2,94.5,21.0,
14:06:49.298, , ,-1.0,0,0, ,499401,0.0,95.9,0.0,22.1,23.2,0.0,0.0,0.01,0,36,0.0,98.2,94.5,21.0,
14:06:49.806, , ,-1.0,0,0, ,500019,0.0,95.9,0.0,22.1,23.0,0.0,0.0,0.01,0,36,0.0,98.2,94.5,21.0,
14:06:50.321, , ,-1.0,0,0, ,500619,0.0,95.9,0.0,22.1,23.2,0.0,0.0,65.51,0,37,0.0,98.2,94.5,21.0,
14:06:50.827, , ,-1.0,0,0, ,501218,0.0,95.9,0.0,22.2,23.1,0.0,0.0,0.01,0,36,0.0,98.2,94.5,21.0,
14:06:51.340, , ,-1.0,0,0, ,501605,0.0,95.9,0.0,22.2,23.1,0.0,0.0,0.01,0,37,0.0,98.2,94.5,21.0,
14:06:51.845, , ,-1.0,0,0, ,502206,0.0,95.9,0.0,22.1,23.1,0.0,0.0,0.01,0,36,0.0,98.2,94.5,21.0,
14:06:52.356, , ,-1.0,0,0, ,502808,0.0,95.9,0.0,22.2,23.1,0.0,0.0,0.01,0,37,0.0,98.2,94.5,21.0,
14:06:52.859, , ,-1.0,0,0, ,503015,0.0,95.9,0.0,22.2,23.1,0.0,0.0,0.01,0,37,0.0,98.2,94.5,21.0,
14:06:53.368, , ,-1.0,0,0, ,503810,0.0,95.9,0.0,22.2,23.1,0.0,0.0,0.01,0,36,0.0,98.2,94.5,21.0,
14:06:54.130, , ,-1.0,0,0, ,504411,0.0,95.9,0.0,22.2,23.1,0.0,0.0,0.01,0,37,0.0,98.2,94.5,21.0,
14:06:54.635, , ,-1.0,0,0, ,505012,0.0,95.9,0.0,22.2,23.2,0.0,0.0,0.01,0,36,0.0,98.2,94.5,21.0,
14:06:55.143, , ,-1.0,0,0, ,505226,0.0,95.9,0.0,22.2,23.2,0.0,0.0,0.01,0,37,0.0,98.2,94.5,21.0,
14:06:55.651, , ,-1.0,0,0, ,505824,0.0,95.9,0.0,22.2,23.1,0.0,0.0,0.01,0,37,0.0,98.2,94.5,21.0,
14:06:56.158, , ,-1.0,0,0, ,506423,0.0,95.9,0.0,22.2,23.0,0.0,0.0,0.01,0,35,0.0,98.2,94.5,21.0,
14:06:56.672, , ,-1.0,0,0, ,507022,0.0,95.9,0.0,22.2,23.1,0.0,0.0,0.01,0,37,0.0,98.2,94.5,21.0,
14:06:57.183, , ,-1.0,0,0, ,507416,0.0,95.9,0.0,22.2,23.0,0.0,0.0,0.01,0,37,0.0,98.2,94.5,21.0,
14:06:57.939, , ,-1.0,0,0, ,508035,0.0,95.9,0.0,22.2,23.1,0.0,0.0,0.01,0,36,0.0,98.2,94.5,21.0,
14:06:58.452, , ,-1.0,0,0, ,508634,0.0,95.9,0.0,22.2,23.1,0.0,0.0,0.01,0,37,0.0,98.2,94.5,21.0,
14:06:58.959, , ,-1.0,0,0, ,509233,0.0,95.9,0.0,22.2,23.2,0.0,0.0,65.52,0,36,0.0,98.2,94.5,21.0,
14:06:59.470, , ,-1.0,0,0, ,509831,0.0,95.9,0.0,22.2,23.2,0.0,0.0,0.01,0,37,0.0,98.2,94.5,21.0,
14:06:59.985, , ,-1.0,0,0, ,510431,0.0,95.9,0.0,22.2,23.2,0.0,0.0,0.01,0,37,0.0,98.2,94.5,21.0,
14:07:00.491, , ,-1.0,0,0, ,510823,0.0,95.9,0.0,22.2,23.1,0.0,0.0,0.01,0,36,0.0,98.2,94.5,21.0,
14:07:00.998, , ,-1.0,0,0, ,511443,0.0,95.9,0.0,22.2,23.2,0.0,0.0,0.01,0,36,0.0,98.2,94.5,21.0,
14:07:01.512, , ,-1.0,0,0, ,511824,0.0,95.9,0.0,22.2,23.2,0.0,0.0,0.01,0,37,0.0,98.2,94.5,21.0,
14:07:02.269, , ,-1.0,0,0, ,512642,0.0,95.9,0.0,22.2,23.1,0.0,0.0,0.01,0,36,0.0,98.2,94.5,21.0,
14:07:02.777, , ,-1.0,0,0, ,513241,0.0,95.9,0.0,22.1,23.0,0.0,0.0,0.01,0,37,0.0,98.2,94.5,21.0,
14:07:03.288, , ,-1.0,0,0, ,513627,0.0,95.9,0.0,22.2,23.1,0.0,0.0,65.52,0,36,0.0,98.2,94.5,21.0,
14:07:03.797, , ,-1.0,0,0, ,514228,0.0,95.9,0.0,22.2,23.1,0.0,0.0,0.01,0,37,0.0,98.2,94.5,21.0,
14:07:04.305, , ,-1.0,0,0, ,514439,0.0,95.9,0.0,22.2,23.2,0.0,0.0,65.53,0,37,0.0,98.2,94.5,21.0,
14:07:04.814, , ,-1.0,0,0, ,515038,0.0,95.9,0.0,22.2,23.1,0.0,0.0,0.01,0,36,0.0,98.2,94.5,21.0,
14:07:05.319, , ,-1.0,0,0, ,515637,0.0,95.9,0.0,22.2,23.1,0.0,0.0,0.01,0,37,0.0,98.2,94.5,21.0,
14:07:05.825, , ,-1.0,0,0, ,516031,0.0,95.9,0.0,22.2,23.1,0.0,0.0,0.01,0,37,0.0,98.2,94.5,21.0,
14:07:06.339, , ,-1.0,0,0, ,516648,0.0,95.9,0.0,22.2,23.2,0.0,0.0,0.01,0,37,0.0,98.2,94.5,21.0,
14:07:07.095, , ,-1.0,0,0, ,517249,0.0,95.9,0.0,22.2,23.1,0.0,0.0,0.01,0,37,0.0,98.2,94.5,21.0,
14:07:07.604, , ,-1.0,0,0, ,517848,0.0,95.9,0.0,22.2,23.2,0.0,0.0,0.01,0,36,0.0,98.2,94.5,21.0,
14:07:08.113, , ,-1.0,0,0, ,518446,0.0,95.9,0.0,22.2,23.2,0.0,0.0,0.01,0,37,0.0,98.2,94.5,21.0,
14:07:08.615, , ,-1.0,0,0, ,519046,0.0,95.9,0.0,22.2,23.2,0.0,0.0,0.01,0,37,0.0,98.2,94.5,21.0,
14:07:09.119, , ,-1.0,0,0, ,519438,0.0,95.9,0.0,22.2,23.1,0.0,0.0,0.01,0,36,0.0,98.2,94.5,21.0,
14:07:09.628, , ,-1.0,0,0, ,520057,0.0,95.9,0.0,22.2,23.2,0.0,0.0,0.01,0,36,0.0,98.2,94.5,21.0,
14:07:10.140, , ,-1.0,0,0, ,520439,0.0,95.9,0.0,22.2,23.2,0.0,0.0,0.01,0,37,0.0,98.2,94.5,21.0,
14:07:10.912, , ,-1.0,0,0, ,521255,0.0,95.9,0.0,22.2,23.0,0.0,0.0,0.01,0,37,0.0,98.2,94.5,21.0,
14:07:11.421, , ,-1.0,0,0, ,521641,0.0,95.9,0.0,22.2,23.2,0.0,0.0,0.0,0,36,0.0,98.2,94.5,21.0,
14:07:11.930, , ,-1.0,0,0, ,522042,0.0,95.9,0.0,22.2,23.1,0.0,0.0,0.01,0,36,0.0,98.2,94.5,21.0,
14:07:12.451, , ,-1.0,0,0, ,522844,0.0,95.9,0.0,22.2,23.2,0.0,0.0,0.01,0,37,0.0,98.2,94.5,21.0,
14:07:12.958, , ,-1.0,0,0, ,523244,0.0,95.9,0.0,22.2,23.2,0.0,0.0,0.01,0,36,0.0,98.2,94.5,21.0,
14:07:13.476, , ,-1.0,0,0, ,523645,0.0,95.9,0.0,22.2,23.1,0.0,0.0,65.52,0,35,0.0,98.2,94.5,21.0,
14:07:13.980, , ,-1.0,0,0, ,524447,0.0,95.9,0.0,22.1,23.2,0.0,0.0,0.01,0,37,0.0,98.2,94.5,21.0,
14:07:14.488, , ,-1.0,0,0, ,524848,0.0,95.9,0.0,22.2,23.1,0.0,0.0,0.01,0,37,0.0,98.2,94.5,21.0,
14:07:15.254, , ,-1.0,0,0, ,525650,0.0,95.9,0.0,22.2,23.2,0.0,0.0,0.01,0,37,0.0,98.2,94.5,21.0,
14:07:15.757, , ,-1.0,0,0, ,526051,0.0,95.9,0.0,22.2,23.2,0.0,0.0,0.01,0,36,0.0,98.2,94.5,21.0,
14:07:16.263, , ,-1.0,0,0, ,526451,0.0,95.9,0.0,22.2,23.2,0.0,0.0,0.01,0,36,0.0,98.2,94.5,21.0,
14:07:16.779, , ,-1.0,0,0, ,527253,0.0,95.9,0.0,22.2,23.1,0.0,0.0,0.01,0,36,0.0,98.2,94.5,21.0,
14:07:17.289, , ,-1.0,0,0, ,527654,0.0,95.9,0.0,22.2,23.2,0.0,0.0,0.01,0,36,0.0,98.2,94.5,21.0,
14:07:17.800, , ,-1.0,0,0, ,528055,0.0,95.9,0.0,22.1,23.2,0.0,0.0,0.01,0,36,0.0,98.2,94.5,21.0,
14:07:18.304, , ,-1.0,0,0, ,528456,0.0,95.9,0.0,22.2,23.0,0.0,0.0,0.01,0,36,0.0,98.2,94.5,21.0,
14:07:18.811, , ,-1.0,0,0, ,529257,0.0,95.9,0.0,22.2,23.3,0.0,0.0,0.01,0,37,0.0,98.2,94.5,21.0,
14:07:19.317, , ,-1.0,0,0, ,529658,0.0,95.9,0.0,22.2,23.1,0.0,0.0,0.01,0,36,0.0,98.2,94.5,21.0,
14:07:20.079, , ,-1.0,0,0, ,530460,0.0,95.9,0.0,22.2,23.1,0.0,0.0,65.53,0,36,0.0,98.2,94.5,21.0,
14:07:20.586, , ,-1.0,0,0, ,530861,0.0,95.9,0.0,22.2,23.1,0.0,0.0,0.01,0,36,0.0,98.2,94.5,21.0,
14:07:21.101, , ,-1.0,0,0, ,531262,0.0,95.9,0.0,22.2,23.2,0.0,0.0,0.01,0,37,0.0,98.2,94.5,21.0,
14:07:21.607, , ,-1.0,0,0, ,532064,0.0,95.9,0.0,22.2,23.2,0.0,0.0,0.01,0,36,0.0,98.2,94.5,21.0,
14:07:22.115, , ,-1.0,0,0, ,532464,0.0,95.9,0.0,22.2,23.2,0.0,0.0,0.01,0,36,0.0,98.2,94.5,21.0,
14:07:22.616, , ,-1.0,0,0, ,532866,0.0,95.9,0.0,22.2,23.0,0.0,0.0,0.01,0,37,0.0,98.2,94.5,21.0,
14:07:23.128, , ,-1.0,0,0, ,533266,0.0,95.9,0.0,22.2,23.2,0.0,0.0,0.01,0,36,0.0,98.2,94.5,21.0,
14:07:23.898, , ,-1.0,0,0, ,534069,0.0,95.9,0.0,22.2,23.1,0.0,0.0,0.0,0,36,0.0,98.2,94.5,21.0,
14:07:24.404, , ,-1.0,0,0, ,534870,0.0,95.9,0.0,22.2,23.2,0.0,0.0,0.01,0,37,0.0,98.2,94.5,21.0,
14:07:24.919, , ,-1.0,0,0, ,535271,0.0,95.9,0.0,22.1,23.2,0.0,0.0,0.01,0,36,0.0,98.2,94.5,21.0,
14:07:25.428, , ,-1.0,0,0, ,535671,0.0,95.9,0.0,22.2,23.1,0.0,0.0,0.01,0,36,0.0,98.2,94.5,21.0,
14:07:25.934, , ,-1.0,0,0, ,536073,0.0,95.9,0.0,22.2,23.1,0.0,0.0,0.01,0,36,0.0,98.2,94.5,21.0,
14:07:26.446, , ,-1.0,0,0, ,536875,0.0,95.9,0.0,22.2,23.1,0.0,0.0,0.01,0,37,0.0,98.2,94.5,21.0,
14:07:26.955, , ,-1.0,0,0, ,537275,0.0,95.9,0.0,22.2,23.2,0.0,0.0,0.01,0,36,0.0,98.2,94.5,21.0,
14:07:27.468, , ,-1.0,0,0, ,537676,0.0,95.9,0.0,22.2,23.0,0.0,0.0,0.01,0,37,0.0,98.2,94.5,21.0,
14:07:27.978, , ,-1.0,0,0, ,538478,0.0,95.9,0.0,22.1,23.0,0.0,0.0,0.01,0,36,0.0,98.2,94.5,21.0,
14:07:28.758, , ,-1.0,0,0, ,539279,0.0,95.9,0.0,22.1,23.1,0.0,0.0,0.01,0,37,0.0,98.2,94.5,21.0,
14:07:29.272, , ,-1.0,0,0, ,539680,0.0,95.9,0.0,22.1,23.2,0.0,0.0,0.01,0,37,0.0,98.2,94.5,21.0,
14:07:29.777, , ,-1.0,0,0, ,540081,0.0,95.9,0.0,22.2,23.1,0.0,0.0,0.01,0,36,0.0,98.2,94.5,21.0,
14:07:30.294, , ,-1.0,0,0, ,540482,0.0,95.9,0.0,22.2,23.1,0.0,0.0,0.01,0,36,0.0,98.2,94.5,21.0,
14:07:30.801, , ,-1.0,0,0, ,541284,0.0,95.9,0.0,22.2,23.3,0.0,0.0,0.01,0,36,0.0,98.2,94.5,21.0,
14:07:31.313, , ,-1.0,0,0, ,541684,0.0,95.9,0.0,22.2,23.1,0.0,0.0,0.01,0,36,0.0,98.2,94.5,21.0,
14:07:31.821, , ,-1.0,0,0, ,542285,0.0,95.9,0.0,22.2,23.0,0.0,0.0,0.01,0,36,0.0,98.2,94.5,21.0,
14:07:32.324, , ,-1.0,0,0, ,542497,0.0,95.9,0.0,22.2,23.0,0.0,0.0,0.01,0,36,0.0,98.2,94.5,21.0,
14:07:32.835, , ,-1.0,0,0, ,543096,0.0,95.9,0.0,22.2,23.1,0.0,0.0,0.01,0,37,0.0,98.2,94.5,21.0,
14:07:33.599, , ,-1.0,0,0, ,544089,0.0,95.9,0.0,22.2,23.1,0.0,0.0,0.01,0,36,0.0,98.2,94.5,21.0,
14:07:34.107, , ,-1.0,0,0, ,544295,0.0,95.9,0.0,22.1,23.1,0.0,0.0,0.01,0,36,0.0,98.2,94.5,21.0,
14:07:34.613, , ,-1.0,0,0, ,545091,0.0,95.9,0.0,22.2,22.9,0.0,0.0,0.01,0,36,0.0,98.2,94.5,21.0,
14:07:35.124, , ,-1.0,0,0, ,545307,0.0,95.9,0.0,22.2,23.2,0.0,0.0,0.01,0,36,0.0,98.2,94.5,21.0,
14:07:35.630, , ,-1.0,0,0, ,545907,0.0,95.9,0.0,22.2,23.2,0.0,0.0,0.01,0,36,0.0,98.2,94.5,21.0,
14:07:36.138, , ,-1.0,0,0, ,546506,0.0,95.9,0.0,22.2,23.2,0.0,0.0,0.01,0,36,0.0,98.2,94.5,21.0,
14:07:36.640, , ,-1.0,0,0, ,547105,0.0,95.9,0.0,22.2,23.2,0.0,0.0,0.01,0,36,0.0,98.2,94.5,21.0,
14:07:37.400, , ,-1.0,0,0, ,547705,0.0,95.9,0.0,22.2,23.2,0.0,0.0,0.01,0,37,0.0,98.2,94.5,21.0,
14:07:37.908, , ,-1.0,0,0, ,548304,0.0,95.9,0.0,22.2,23.2,0.0,0.0,0.01,0,36,0.0,98.2,94.5,21.0,
14:07:38.410, , ,-1.0,0,0, ,548699,0.0,95.9,0.0,22.2,23.2,0.0,0.0,0.01,0,36,0.0,98.2,94.5,21.0,
14:07:38.921, , ,-1.0,0,0, ,549316,0.0,95.9,0.0,22.2,23.1,0.0,0.0,0.01,0,36,0.0,98.2,94.5,21.0,
14:07:39.429, , ,-1.0,0,0, ,549916,0.0,95.9,0.0,22.2,23.1,0.0,0.0,0.01,0,36,0.0,98.2,94.5,21.0,
14:07:39.939, , ,-1.0,0,0, ,550302,0.0,95.9,0.0,22.2,23.1,0.0,0.0,0.01,0,36,0.0,98.2,94.5,21.0,
14:07:40.444, , ,-1.0,0,0, ,550903,0.0,95.9,0.0,22.2,23.1,0.0,0.0,0.01,0,35,0.0,98.2,94.5,21.0,
14:07:41.209, , ,-1.0,0,0, ,551713,0.0,95.9,0.0,22.2,23.2,0.0,0.0,0.01,0,36,0.0,98.2,94.5,21.0,
14:07:41.715, , ,-1.0,0,0, ,552107,0.0,95.9,0.0,22.2,23.1,0.0,0.0,0.01,0,36,0.0,98.2,94.5,21.0,
14:07:42.219, , ,-1.0,0,0, ,552707,0.0,95.9,0.0,22.2,23.0,0.0,0.0,0.01,0,36,0.0,98.2,94.5,21.0,
14:07:42.741, , ,-1.0,0,0, ,553108,0.0,95.9,0.0,22.1,23.0,0.0,0.0,0.01,0,37,0.0,98.2,94.5,21.0,
14:07:43.255, , ,-1.0,0,0, ,553709,0.0,95.9,0.0,22.2,23.2,0.0,0.0,0.01,0,36,0.0,98.2,94.5,21.0,
14:07:43.766, , ,-1.0,0,0, ,554310,0.0,95.9,0.0,22.2,23.1,0.0,0.0,0.01,0,36,0.0,98.2,94.5,21.0,
14:07:44.277, , ,-1.0,0,0, ,554523,0.0,95.9,0.0,22.2,23.1,0.0,0.0,0.01,0,37,0.0,98.2,94.5,21.0,
14:07:45.044, , ,-1.0,0,0, ,555512,0.0,95.9,0.0,22.2,23.1,0.0,0.0,0.01,0,36,0.0,98.2,94.5,21.0,
14:07:45.566, , ,-1.0,0,0, ,556114,0.0,95.9,0.0,22.2,23.2,0.0,0.0,0.01,0,36,0.0,98.2,94.5,21.0,
14:07:46.065, , ,-1.0,0,0, ,556321,0.0,95.9,0.0,22.2,23.1,0.0,0.0,0.01,0,37,0.0,98.2,94.5,21.0,
14:07:46.573, , ,-1.0,0,0, ,557116,0.0,95.9,0.0,22.2,23.1,0.0,0.0,0.01,0,36,0.0,98.2,94.5,21.0,
14:07:47.087, , ,-1.0,0,0, ,557334,0.0,95.9,0.0,22.2,23.1,0.0,0.0,0.01,0,37,0.0,98.2,94.5,21.0,
14:07:47.593, , ,-1.0,0,0, ,557933,0.0,95.9,0.0,22.2,23.2,0.0,0.0,0.01,0,36,0.0,98.2,94.5,21.0,
14:07:48.108, , ,-1.0,0,0, ,558532,0.0,95.9,0.0,22.2,23.1,0.0,0.0,0.01,0,37,0.0,98.2,94.5,21.0,
14:07:48.622, , ,-1.0,0,0, ,559131,0.0,95.9,0.0,22.2,23.2,0.0,0.0,0.01,0,36,0.0,98.2,94.5,21.0,
14:07:49.382, , ,-1.0,0,0, ,559731,0.0,95.9,0.0,22.2,23.0,0.0,0.0,0.01,0,37,0.0,98.2,94.5,21.0,
14:07:49.888, , ,-1.0,0,0, ,560329,0.0,95.9,0.0,22.2,23.2,0.0,0.0,0.01,0,35,0.0,98.2,94.5,21.0,
14:07:50.392, , ,-1.0,0,0, ,560723,0.0,95.9,0.0,22.2,23.2,0.0,0.0,0.01,0,36,0.0,98.2,94.5,21.0,
14:07:50.898, , ,-1.0,0,0, ,561342,0.0,95.9,0.0,22.2,23.1,0.0,0.0,0.01,0,35,0.0,98.2,94.5,21.0,
14:07:51.405, , ,-1.0,0,0, ,561942,0.0,95.9,0.0,22.2,23.2,0.0,0.0,0.01,0,37,0.0,98.2,94.5,21.0,
14:07:51.917, , ,-1.0,0,0, ,562327,0.0,95.9,0.0,22.2,23.2,0.0,0.0,0.01,0,36,0.0,98.2,94.5,21.0,
14:07:52.424, , ,-1.0,0,0, ,562928,0.0,95.9,0.0,22.2,23.1,0.0,0.0,0.01,0,36,0.0,98.2,94.5,21.0,
14:07:53.181, , ,-1.0,0,0, ,563739,0.0,95.9,0.0,22.2,23.2,0.0,0.0,0.01,0,36,0.0,98.2,94.5,21.0,
14:07:53.692, , ,-1.0,0,0, ,564131,0.0,95.9,0.0,22.2,23.0,0.0,0.0,0.01,0,36,0.0,98.2,94.5,21.0,
14:07:54.195, , ,-1.0,0,0, ,564732,0.0,95.9,0.0,22.2,23.1,0.0,0.0,0.01,0,37,0.0,98.2,94.5,21.0,
14:07:54.708, , ,-1.0,0,0, ,565133,0.0,95.9,0.0,22.2,23.1,0.0,0.0,0.01,0,36,0.0,98.2,94.5,21.0,
14:07:55.220, , ,-1.0,0,0, ,565734,0.0,95.9,0.0,22.2,23.0,0.0,0.0,0.01,0,36,0.0,98.2,94.5,21.0,
14:07:55.729, , ,-1.0,0,0, ,565950,0.0,95.9,0.0,22.2,23.1,0.0,0.0,0.01,0,36,0.0,98.2,94.5,21.0,
14:07:56.239, , ,-1.0,0,0, ,566549,0.0,95.9,0.0,22.1,23.1,0.0,0.0,0.01,0,36,0.0,98.2,94.5,21.0,
14:07:56.746, , ,-1.0,0,0, ,567148,0.0,95.9,0.0,22.2,22.9,0.0,0.0,0.01,0,36,0.0,98.2,94.5,21.0,
14:07:57.254, , ,-1.0,0,0, ,567747,0.0,95.9,0.0,22.2,23.1,0.0,0.0,0.01,0,36,0.0,98.2,94.5,21.0,
14:07:58.012, , ,-1.0,0,0, ,568347,0.0,95.9,0.0,22.2,23.2,0.0,0.0,0.01,0,36,0.0,98.2,94.5,21.0,
14:07:58.525, , ,-1.0,0,0, ,568946,0.0,95.9,0.0,22.2,23.1,0.0,0.0,0.01,0,36,0.0,98.2,94.5,21.0,
14:07:59.026, , ,-1.0,0,0, ,569340,0.0,95.9,0.0,22.2,23.2,0.0,0.0,0.01,0,37,0.0,98.2,94.5,21.0,
14:07:59.527, , ,-1.0,0,0, ,569959,0.0,95.9,0.0,22.2,23.0,0.0,0.0,0.01,0,37,0.0,98.2,94.5,21.0,
14:08:00.038, , ,-1.0,0,0, ,570558,0.0,95.9,0.0,22.2,23.1,0.0,0.0,0.01,0,35,0.0,98.2,94.5,21.0,
14:08:00.545, , ,-1.0,0,0, ,570944,0.0,95.9,0.0,22.2,23.2,0.0,0.0,0.01,0,37,0.0,98.2,94.5,21.0,
14:08:01.051, , ,-1.0,0,0, ,571544,0.0,95.9,0.0,22.2,23.2,0.0,0.0,0.01,0,36,0.0,98.2,94.5,21.0,
14:08:01.807, , ,-1.0,0,0, ,572355,0.0,95.9,0.0,22.2,23.1,0.0,0.0,0.01,0,36,0.0,98.2,94.5,21.0,
14:08:02.316, , ,-1.0,0,0, ,572748,0.0,95.9,0.0,22.2,23.1,0.0,0.0,0.01,0,36,0.0,98.2,94.5,21.0,
14:08:02.819, , ,-1.0,0,0, ,573368,0.0,95.9,0.0,22.2,23.2,0.0,0.0,0.01,0,36,0.0,98.2,94.5,21.0,
14:08:03.333, , ,-1.0,0,0, ,573750,0.0,95.9,0.0,22.2,23.1,0.0,0.0,0.01,0,36,0.0,98.2,94.5,21.0,
14:08:03.841, , ,-1.0,0,0, ,574351,0.0,95.9,0.0,22.2,23.1,0.0,0.0,0.01,0,36,0.0,98.2,94.5,21.0,
14:08:04.346, , ,-1.0,0,0, ,574566,0.0,95.9,0.0,22.2,23.1,0.0,0.0,0.01,0,36,0.0,98.2,94.5,21.0,
14:08:04.849, , ,-1.0,0,0, ,575353,0.0,95.9,0.0,22.2,23.1,0.0,0.0,0.01,0,36,0.0,98.2,94.5,21.0,
14:08:05.358, , ,-1.0,0,0, ,575754,0.0,95.9,0.0,22.2,23.1,0.0,0.0,0.01,0,35,0.0,98.2,94.5,21.0,
14:08:06.122, , ,-1.0,0,0, ,576556,0.0,95.9,0.0,22.1,23.2,0.0,0.0,0.01,0,36,0.0,98.2,94.5,21.0,
14:08:06.630, , ,-1.0,0,0, ,576957,0.0,95.9,0.0,22.2,23.2,0.0,0.0,0.01,0,37,0.0,98.2,94.5,21.0,
14:08:07.142, , ,-1.0,0,0, ,577357,0.0,95.9,0.0,22.2,23.2,0.0,0.0,0.01,0,36,0.0,98.2,94.5,21.0,
14:08:07.649, , ,-1.0,0,0, ,578159,0.0,95.9,0.0,22.2,23.1,0.0,0.0,0.01,0,36,0.0,98.2,94.5,21.0,
14:08:08.158, , ,-1.0,0,0, ,578560,0.0,95.9,0.0,22.2,23.2,0.0,0.0,0.01,0,36,0.0,98.2,94.5,21.0,
14:08:08.669, , ,-1.0,0,0, ,578961,0.0,95.9,0.0,22.2,23.1,0.0,0.0,0.01,0,36,0.0,98.2,94.5,21.0,
14:08:09.182, , ,-1.0,0,0, ,579763,0.0,95.9,0.0,22.2,23.2,0.0,0.0,0.01,0,35,0.0,98.2,94.5,21.0,
14:08:09.696, , ,-1.0,0,0, ,580164,0.0,95.9,0.0,22.2,23.1,0.0,0.0,0.01,0,36,0.0,98.2,94.5,21.0,
14:08:10.200, , ,-1.0,0,0, ,580564,0.0,95.9,0.0,22.2,23.2,0.0,0.0,0.01,0,36,0.0,98.2,94.5,21.0,
14:08:10.962, , ,-1.0,0,0, ,581366,0.0,95.9,0.0,22.2,23.1,0.0,0.0,0.01,0,37,0.0,98.2,94.5,21.0,
14:08:11.475, , ,-1.0,0,0, ,581767,0.0,95.9,0.0,22.2,23.1,0.0,0.0,0.01,0,37,0.0,98.2,94.5,21.0,
14:08:11.984, , ,-1.0,0,0, ,582568,0.0,95.9,0.0,22.2,23.1,0.0,0.0,0.01,0,37,0.0,98.2,94.5,21.0,
14:08:12.493, , ,-1.0,0,0, ,582969,0.0,95.9,0.0,22.2,23.1,0.0,0.0,0.01,0,35,0.0,98.2,94.5,21.0,
14:08:13.006, , ,-1.0,0,0, ,583370,0.0,95.9,0.0,22.2,23.2,0.0,0.0,0.01,0,36,0.0,98.2,94.5,21.0,
14:08:13.518, , ,-1.0,0,0, ,583771,0.0,95.9,0.0,22.2,23.2,0.0,0.0,0.01,0,36,0.0,98.2,94.5,21.0,
14:08:14.026, , ,-1.0,0,0, ,584572,0.0,95.9,0.0,22.2,23.1,0.0,0.0,0.01,0,36,0.0,98.2,94.5,21.0,
14:08:14.782, , ,-1.0,0,0, ,585375,0.0,95.9,0.0,22.2,23.0,0.0,0.0,0.01,0,36,0.0,98.2,94.5,21.0,
14:08:15.288, , ,-1.0,0,0, ,585776,0.0,95.9,0.0,22.2,23.2,0.0,0.0,0.01,0,36,0.0,98.2,94.5,21.0,
14:08:15.793, , ,-1.0,0,0, ,586176,0.0,95.9,0.0,22.2,23.1,0.0,0.0,0.01,0,36,0.0,98.2,94.5,21.0,
14:08:16.308, , ,-1.0,0,0, ,586576,0.0,95.9,0.0,22.2,23.2,0.0,0.0,0.01,0,35,0.0,98.2,94.5,21.0,
14:08:16.819, , ,-1.0,0,0, ,587379,0.0,95.9,0.0,22.2,23.2,0.0,0.0,0.01,0,37,0.0,98.2,94.5,21.0,
14:08:17.336, , ,-1.0,0,0, ,587780,0.0,95.9,0.0,22.2,23.0,0.0,0.0,0.01,0,35,0.0,98.2,94.5,21.0,
14:08:17.854, , ,-1.0,0,0, ,588180,0.0,95.9,0.0,22.2,23.1,0.0,0.0,0.01,0,36,0.0,98.2,94.5,21.0,
14:08:18.615, , ,-1.0,0,0, ,588982,0.0,95.9,0.0,22.2,23.1,0.0,0.0,0.01,0,36,0.0,98.2,94.5,21.0,
14:08:19.126, , ,-1.0,0,0, ,589383,0.0,95.9,0.0,22.2,23.1,0.0,0.0,0.01,0,37,0.0,98.2,94.5,21.0,
14:08:19.635, , ,-1.0,0,0, ,590184,0.0,95.9,0.0,22.2,23.1,0.0,0.0,0.01,0,36,0.0,98.2,94.5,21.0,
14:08:20.139, , ,-1.0,0,0, ,590585,0.0,95.9,0.0,22.2,23.2,0.0,0.0,0.01,0,37,0.0,98.2,94.5,21.0,
14:08:20.646, , ,-1.0,0,0, ,590986,0.0,95.9,0.0,22.2,23.2,0.0,0.0,0.01,0,36,0.0,98.2,94.5,21.0,
14:08:21.152, , ,-1.0,0,0, ,591386,0.0,95.9,0.0,22.2,23.0,0.0,0.0,0.01,0,36,0.0,98.2,94.5,21.0,
14:08:21.656, , ,-1.0,0,0, ,592188,0.0,95.9,0.0,22.2,23.1,0.0,0.0,0.01,0,36,0.0,98.2,94.5,21.0,
14:08:22.167, , ,-1.0,0,0, ,592588,0.0,95.9,0.0,22.2,23.1,0.0,0.0,0.01,0,36,0.0,98.2,94.5,21.0,
14:08:22.933, , ,-1.0,0,0, ,593390,0.0,95.9,0.0,22.2,23.0,0.0,0.0,0.01,0,36,0.0,98.2,94.5,21.0,
14:08:23.443, , ,-1.0,0,0, ,593792,0.0,95.9,0.0,22.2,23.1,0.0,0.0,0.0,0,36,0.0,98.2,94.5,21.0,
14:08:23.946, , ,-1.0,0,0, ,594192,0.0,95.9,0.0,22.2,23.1,0.0,0.0,0.01,0,36,0.0,98.2,94.5,21.0,
14:08:24.457, , ,-1.0,0,0, ,594994,0.0,95.9,0.0,22.2,23.2,0.0,0.0,0.01,0,35,0.0,98.2,94.5,21.0,
14:08:24.964, , ,-1.0,0,0, ,595394,0.0,95.9,0.0,22.2,23.0,0.0,0.0,0.01,0,37,0.0,98.2,94.5,21.0,
14:08:25.478, , ,-1.0,0,0, ,595794,0.0,95.9,0.0,22.2,23.1,0.0,0.0,0.01,0,36,0.0,98.2,94.5,21.0,
14:08:25.984, , ,-1.0,0,0, ,596596,0.0,95.9,0.0,22.2,23.2,0.0,0.0,0.01,0,36,0.0,98.2,94.5,21.0,
14:08:26.492, , ,-1.0,0,0, ,596998,0.0,95.9,0.0,22.2,23.1,0.0,0.0,0.01,0,36,0.0,98.2,94.5,21.0,
14:08:27.247, , ,-1.0,0,0, ,597799,0.0,95.9,0.0,22.2,23.2,0.0,0.0,0.01,0,36,0.0,98.2,94.5,21.0,
14:08:27.752, , ,-1.0,0,0, ,598200,0.0,95.9,0.0,22.2,23.2,0.0,0.0,0.01,0,35,0.0,98.2,94.5,21.0,
14:08:28.259, , ,-1.0,0,0, ,598601,0.0,95.9,0.0,22.2,23.1,0.0,0.0,0.01,0,36,0.0,98.2,94.5,21.0,
14:08:28.771, , ,-1.0,0,0, ,599403,0.0,95.9,0.0,22.2,23.1,0.0,0.0,0.01,0,36,0.0,98.2,94.5,21.0,
14:08:29.274, , ,-1.0,0,0, ,599803,0.0,95.9,0.0,22.2,23.1,0.0,0.0,0.01,0,36,0.0,98.2,94.5,21.0,
14:08:29.779, , ,-1.0,0,0, ,600205,0.0,95.9,0.0,22.2,23.2,0.0,0.0,0.01,0,36,0.0,98.2,94.5,21.0,
14:08:30.287, , ,-1.0,0,0, ,600605,0.0,95.9,0.0,22.1,23.1,0.0,0.0,0.01,0,36,0.0,98.2,94.5,21.0,
14:08:30.800, , ,-1.0,0,0, ,601407,0.0,95.9,0.0,22.2,23.1,0.0,0.0,0.01,0,35,0.0,98.2,94.5,21.0,
14:08:31.564, , ,-1.0,0,0, ,602209,0.0,95.9,0.0,22.2,23.1,0.0,0.0,0.01,0,35,0.0,98.2,94.5,21.0,
14:08:32.067, , ,-1.0,0,0, ,602609,0.0,95.9,0.0,22.2,23.2,0.0,0.0,0.01,0,35,0.0,98.2,94.5,21.0,
14:08:32.577, , ,-1.0,0,0, ,603010,0.0,95.9,0.0,22.2,23.1,0.0,0.0,0.01,0,36,0.0,98.2,94.5,21.0,
14:08:33.088, , ,-1.0,0,0, ,603411,0.0,95.9,0.0,22.2,23.0,0.0,0.0,0.01,0,37,0.0,98.2,94.5,21.0,
14:08:33.591, , ,-1.0,0,0, ,604213,0.0,95.9,0.0,22.2,23.2,0.0,0.0,0.01,0,36,0.0,98.2,94.5,21.0,
14:08:34.102, , ,-1.0,0,0, ,604613,0.0,95.9,0.0,22.2,23.1,0.0,0.0,0.01,0,37,0.0,98.2,94.5,21.0,
14:08:34.614, , ,-1.0,0,0, ,605014,0.0,95.9,0.0,22.2,23.0,0.0,0.0,0.01,0,36,0.0,98.2,94.5,21.0,
14:08:35.125, , ,-1.0,0,0, ,605415,0.0,95.9,0.0,22.2,23.1,0.0,0.0,0.01,0,36,0.0,98.2,94.5,21.0,
14:08:35.887, , ,-1.0,0,0, ,606218,0.0,95.9,0.0,22.2,23.2,0.0,0.0,0.01,0,36,0.0,98.2,94.5,21.0,
14:08:36.403, , ,-1.0,0,0, ,607019,0.0,95.9,0.0,22.2,23.2,0.0,0.0,0.01,0,35,0.0,98.2,94.5,21.0,
14:08:36.911, , ,-1.0,0,0, ,607420,0.0,95.9,0.0,22.2,23.1,0.0,0.0,0.01,0,36,0.0,98.2,94.5,21.0,
14:08:37.415, , ,-1.0,0,0, ,607820,0.0,95.9,0.0,22.2,23.1,0.0,0.0,0.01,0,37,0.0,98.2,94.5,21.0,
14:08:37.919, , ,-1.0,0,0, ,608222,0.0,95.9,0.0,22.2,23.2,0.0,0.0,0.01,0,36,0.0,98.2,94.5,21.0,
14:08:38.426, , ,-1.0,0,0, ,609024,0.0,95.9,0.0,22.2,23.2,0.0,0.0,0.01,0,37,0.0,98.2,94.5,21.0,
14:08:38.932, , ,-1.0,0,0, ,609424,0.0,95.9,0.0,22.2,23.2,0.0,0.0,0.01,0,36,0.0,98.2,94.5,21.0,
14:08:39.696, , ,-1.0,0,0, ,610226,0.0,95.9,0.0,22.2,23.0,0.0,0.0,0.01,0,37,0.0,98.2,94.5,21.0,
14:08:40.199, , ,-1.0,0,0, ,610627,0.0,95.9,0.0,22.2,23.2,0.0,0.0,0.01,0,35,0.0,98.2,94.5,21.0,
14:08:40.717, , ,-1.0,0,0, ,611027,0.0,95.9,0.0,22.2,23.2,0.0,0.0,0.01,0,36,0.0,98.2,94.5,21.0,
14:08:41.222, , ,-1.0,0,0, ,611829,0.0,95.9,0.0,22.2,23.1,0.0,0.0,0.01,0,37,0.0,98.2,94.5,21.0,
14:08:41.727, , ,-1.0,0,0, ,612230,0.0,95.9,0.0,22.2,23.1,0.0,0.0,0.01,0,37,0.0,98.2,94.5,21.0,
14:08:42.246, , ,-1.0,0,0, ,612630,0.0,95.9,0.0,22.2,23.1,0.0,0.0,0.01,0,36,0.0,98.2,94.5,21.0,
14:08:42.753, , ,-1.0,0,0, ,613031,0.0,95.9,0.0,22.2,23.2,0.0,0.0,0.01,0,35,0.0,98.2,94.5,21.0,
14:08:43.262, , ,-1.0,0,0, ,613833,0.0,95.9,0.0,22.2,23.1,0.0,0.0,0.01,0,37,0.0,98.2,94.5,21.0,
14:08:44.015, , ,-1.0,0,0, ,614635,0.0,95.9,0.0,22.2,23.0,0.0,0.0,0.01,0,36,0.0,98.2,94.5,21.0,
14:08:44.523, , ,-1.0,0,0, ,615035,0.0,95.9,0.0,22.2,23.0,0.0,0.0,0.01,0,36,0.0,98.2,94.5,21.0,
14:08:45.035, , ,-1.0,0,0, ,615436,0.0,95.9,0.0,22.2,23.0,0.0,0.0,0.01,0,35,0.0,98.2,94.5,21.0,
14:08:45.538, , ,-1.0,0,0, ,615837,0.0,95.9,0.0,22.2,23.1,0.0,0.0,0.01,0,35,0.0,98.2,94.5,21.0,
14:08:46.052, , ,-1.0,0,0, ,616639,0.0,95.9,0.0,22.2,23.2,0.0,0.0,0.01,0,37,0.0,98.2,94.5,21.0,
14:08:46.565, , ,-1.0,0,0, ,617039,0.0,95.9,0.0,22.2,23.1,0.0,0.0,0.01,0,36,0.0,98.2,94.5,21.0,
14:08:47.073, , ,-1.0,0,0, ,617440,0.0,95.9,0.0,22.2,23.1,0.0,0.0,0.01,0,36,0.0,98.2,94.5,21.0,
14:08:47.837, , ,-1.0,0,0, ,618242,0.0,95.9,0.0,22.2,23.0,0.0,0.0,0.01,0,35,0.0,98.2,94.5,21.0,
14:08:48.346, , ,-1.0,0,0, ,618643,0.0,95.9,0.0,22.2,23.2,0.0,0.0,0.01,0,35,0.0,98.2,94.5,21.0,
14:08:48.855, , ,-1.0,0,0, ,619444,0.0,95.9,0.0,22.2,23.1,0.0,0.0,0.01,0,36,0.0,98.2,94.5,21.0,
14:08:49.359, , ,-1.0,0,0, ,619845,0.0,95.9,0.0,22.2,23.2,0.0,0.0,0.01,0,37,0.0,98.2,94.5,21.0,
14:08:49.862, , ,-1.0,0,0, ,620246,0.0,95.9,0.0,22.2,23.2,0.0,0.0,0.01,0,37,0.0,98.2,94.5,21.0,
14:08:50.372, , ,-1.0,0,0, ,621047,0.0,95.9,0.0,22.2,23.0,0.0,0.0,0.01,0,36,0.0,98.2,94.5,21.0,
14:08:50.883, , ,-1.0,0,0, ,621449,0.0,95.9,0.0,22.2,23.1,0.0,0.0,0.01,0,36,0.0,98.2,94.5,21.0,
14:08:51.641, , ,-1.0,0,0, ,622249,0.0,95.9,0.0,22.2,23.1,0.0,0.0,0.01,0,36,0.0,98.2,94.5,21.0,
14:08:52.154, , ,-1.0,0,0, ,622652,0.0,95.9,0.0,22.2,23.2,0.0,0.0,0.01,0,36,0.0,98.2,94.5,21.0,
14:08:52.664, , ,-1.0,0,0, ,623052,0.0,95.9,0.0,22.2,23.0,0.0,0.0,0.01,0,36,0.0,98.2,94.5,21.0,
14:08:53.176, , ,-1.0,0,0, ,623854,0.0,95.9,0.0,22.2,23.1,0.0,0.0,0.01,0,37,0.0,98.2,94.5,21.0,
14:08:53.682, , ,-1.0,0,0, ,624254,0.0,95.9,0.0,22.2,23.0,0.0,0.0,0.01,0,36,0.0,98.2,94.5,21.0,
14:08:54.189, , ,-1.0,0,0, ,624863,0.0,95.9,0.0,22.2,23.1,0.0,0.0,0.01,0,36,0.0,98.2,94.5,21.0,
14:08:54.702, , ,-1.0,0,0, ,625257,0.0,95.9,0.0,22.2,23.2,0.0,0.0,0.01,0,36,0.0,98.2,94.5,21.0,
14:08:55.208, , ,-1.0,0,0, ,625875,0.0,95.9,0.0,22.2,23.2,0.0,0.0,0.01,0,36,0.0,98.2,94.5,21.0,
14:08:55.975, , ,-1.0,0,0, ,626475,0.0,95.9,0.0,22.2,23.1,0.0,0.0,0.01,0,36,0.0,98.2,94.5,21.0,
14:08:56.489, , ,-1.0,0,0, ,627075,0.0,95.9,0.0,22.2,23.1,0.0,0.0,0.01,0,36,0.0,98.2,94.5,21.0,
14:08:57.001, , ,-1.0,0,0, ,627674,0.0,95.9,0.0,22.2,23.1,0.0,0.0,0.01,0,36,0.0,98.2,94.5,21.0,
14:08:57.510, , ,-1.0,0,0, ,628063,0.0,95.9,0.0,22.2,23.2,0.0,0.0,0.01,0,37,0.0,98.2,94.5,21.0,
14:08:58.021, , ,-1.0,0,0, ,628665,0.0,95.9,0.0,22.2,23.1,0.0,0.0,0.01,0,35,0.0,98.2,94.5,21.0,
14:08:58.534, , ,-1.0,0,0, ,628872,0.0,95.9,0.0,22.2,23.1,0.0,0.0,0.01,0,36,0.0,98.2,94.5,21.0,
14:08:59.043, , ,-1.0,0,0, ,629666,0.0,95.9,0.0,22.2,23.0,0.0,0.0,0.01,0,36,0.0,98.2,94.5,21.0,
14:08:59.556, , ,-1.0,0,0, ,629884,0.0,95.9,0.0,22.2,23.2,0.0,0.0,0.01,0,36,0.0,98.2,94.5,21.0,
14:09:00.063, , ,-1.0,0,0, ,630483,0.0,95.9,0.0,22.2,23.1,0.0,0.0,0.01,0,37,0.0,98.2,94.5,21.0,
14:09:00.822, , ,-1.0,0,0, ,631471,0.0,95.9,0.0,22.2,23.1,0.0,0.0,0.01,0,36,0.0,98.2,94.5,21.0,
14:09:01.329, , ,-1.0,0,0, ,631683,0.0,95.9,0.0,22.2,23.1,0.0,0.0,0.01,0,36,0.0,98.2,94.5,21.0,
14:09:01.837, , ,-1.0,0,0, ,632282,0.0,95.9,0.0,22.2,23.1,0.0,0.0,0.01,0,36,0.0,98.2,94.5,21.0,
14:09:02.343, , ,-1.0,0,0, ,632881,0.0,95.9,0.0,22.2,23.2,0.0,0.0,0.01,0,36,0.0,98.2,94.5,21.0,
14:09:02.849, , ,-1.0,0,0, ,633275,0.0,95.9,0.0,22.2,23.1,0.0,0.0,0.01,0,37,0.0,98.2,94.5,21.0,
14:09:03.363, , ,-1.0,0,0, ,633893,0.0,95.9,0.0,22.2,23.2,0.0,0.0,0.01,0,35,0.0,98.2,94.5,21.0,
14:09:03.869, , ,-1.0,0,0, ,634492,0.0,95.9,0.0,22.2,23.1,0.0,0.0,0.01,0,35,0.0,98.2,94.5,21.0,
14:09:04.633, , ,-1.0,0,0, ,635092,0.0,95.9,0.0,22.2,23.1,0.0,0.0,0.01,0,36,0.0,98.2,94.5,21.0,
14:09:05.146, , ,-1.0,0,0, ,635693,0.0,95.9,0.0,22.2,23.1,0.0,0.0,0.01,0,36,0.0,98.2,94.5,21.0,
14:09:05.655, , ,-1.0,0,0, ,636292,0.0,95.9,0.0,22.2,23.2,0.0,0.0,0.01,0,36,0.0,98.2,94.5,21.0,
14:09:06.162, , ,-1.0,0,0, ,636683,0.0,95.9,0.0,22.2,23.0,0.0,0.0,0.01,0,36,0.0,98.2,94.5,21.0,
14:09:06.671, , ,-1.0,0,0, ,637284,0.0,95.9,0.0,22.2,22.9,0.0,0.0,0.01,0,36,0.0,98.2,94.5,21.0,
14:09:07.175, , ,-1.0,0,0, ,637885,0.0,95.9,0.0,22.2,23.1,0.0,0.0,0.01,0,36,0.0,98.2,94.5,21.0,
14:09:07.681, , ,-1.0,0,0, ,638285,0.0,95.9,0.0,22.2,23.1,0.0,0.0,0.01,0,36,0.0,98.2,94.5,21.0,
14:09:08.190, , ,-1.0,0,0, ,638886,0.0,95.9,0.0,22.2,23.1,0.0,0.0,0.01,0,36,0.0,98.2,94.5,21.0,
14:09:08.958, , ,-1.0,0,0, ,639489,0.0,95.9,0.0,22.2,23.1,0.0,0.0,0.01,0,36,0.0,98.2,94.5,21.0,
14:09:09.465, , ,-1.0,0,0, ,640090,0.0,95.9,0.0,22.2,23.1,0.0,0.0,0.01,0,36,0.0,98.2,94.5,21.0,
14:09:09.975, , ,-1.0,0,0, ,640691,0.0,95.9,0.0,22.2,23.2,0.0,0.0,0.01,0,37,0.0,98.2,94.5,21.0,
14:09:10.481, , ,-1.0,0,0, ,640900,0.0,95.9,0.0,22.2,23.1,0.0,0.0,0.01,0,36,0.0,98.2,94.5,21.0,
14:09:10.988, , ,-1.0,0,0, ,641499,0.0,95.9,0.0,22.2,23.1,0.0,0.0,0.01,0,37,0.0,98.2,94.5,21.0,
14:09:11.494, , ,-1.0,0,0, ,641893,0.0,95.9,0.0,22.2,23.1,0.0,0.0,0.01,0,36,0.0,98.2,94.5,21.0,
14:09:12.002, , ,-1.0,0,0, ,642511,0.0,95.9,0.0,22.2,23.0,0.0,0.0,0.01,0,36,0.0,98.2,94.5,21.0,
14:09:12.769, , ,-1.0,0,0, ,643496,0.0,95.9,0.0,22.2,23.1,0.0,0.0,0.01,0,36,0.0,98.2,94.5,21.0,
14:09:13.275, , ,-1.0,0,0, ,643709,0.0,95.9,0.0,22.2,23.1,0.0,0.0,0.01,0,36,0.0,98.2,94.5,21.0,
14:09:13.783, , ,-1.0,0,0, ,644310,0.0,95.9,0.0,22.2,23.1,0.0,0.0,0.01,0,36,0.0,98.2,94.5,21.0,
14:09:14.291, , ,-1.0,0,0, ,644909,0.0,95.9,0.0,22.2,23.1,0.0,0.0,0.01,0,35,0.0,98.2,94.5,21.0,
14:09:14.802, , ,-1.0,0,0, ,645302,0.0,95.9,0.0,22.2,23.1,0.0,0.0,0.01,0,36,0.0,98.2,94.5,21.0,
14:09:15.307, , ,-1.0,0,0, ,645921,0.0,95.9,0.0,22.2,23.2,0.0,0.0,0.01,0,36,0.0,98.2,94.5,21.0,
14:09:15.819, , ,-1.0,0,0, ,646520,0.0,95.9,0.0,22.2,23.1,0.0,0.0,0.01,0,37,0.0,98.2,94.5,21.0,
14:09:16.583, , ,-1.0,0,0, ,647120,0.0,95.9,0.0,22.2,23.1,0.0,0.0,0.01,0,36,0.0,98.2,94.5,21.0,
14:09:17.093, , ,-1.0,0,0, ,647506,0.0,95.9,0.0,22.2,23.2,0.0,0.0,0.01,0,35,0.0,98.2,94.5,21.0,
14:09:17.599, , ,-1.0,0,0, ,648308,0.0,95.9,0.0,22.2,23.1,0.0,0.0,0.01,0,36,0.0,98.2,94.5,21.0,
14:09:18.108, , ,-1.0,0,0, ,648526,0.0,95.9,0.0,22.2,23.1,0.0,0.0,0.01,0,36,0.0,98.2,94.5,21.0,
14:09:18.616, , ,-1.0,0,0, ,649310,0.0,95.9,0.0,22.2,23.1,0.0,0.0,0.01,0,36,0.0,98.2,94.5,21.0,
14:09:19.125, , ,-1.0,0,0, ,649711,0.0,95.9,0.0,22.2,23.1,0.0,0.0,0.01,0,35,0.0,98.2,94.5,21.0,
14:09:19.633, , ,-1.0,0,0, ,650324,0.0,95.9,0.0,22.2,23.1,0.0,0.0,0.01,0,36,0.0,98.2,94.5,21.0,
14:09:20.135, , ,-1.0,0,0, ,650713,0.0,95.9,0.0,22.2,23.1,0.0,0.0,0.01,0,37,0.0,98.2,94.5,21.0,
14:09:20.904, , ,-1.0,0,0, ,651523,0.0,95.9,0.0,22.2,23.3,0.0,0.0,0.01,0,36,0.0,98.2,94.5,21.0,
14:09:21.415, , ,-1.0,0,0, ,651916,0.0,95.9,0.0,22.2,23.1,0.0,0.0,0.01,0,36,0.0,98.2,94.5,21.0,
14:09:21.921, , ,-1.0,0,0, ,652316,0.0,95.9,0.0,22.2,23.0,0.0,0.0,0.01,0,36,0.0,98.2,94.5,21.0,
14:09:22.432, , ,-1.0,0,0, ,652928,0.0,95.9,0.0,22.2,23.1,0.0,0.0,0.01,0,36,0.0,98.2,94.5,21.0,
14:09:22.939, , ,-1.0,0,0, ,653318,0.0,95.9,0.0,22.2,23.2,0.0,0.0,0.01,0,36,0.0,98.2,94.5,21.0,
14:09:23.451, , ,-1.0,0,0, ,653940,0.0,95.9,0.0,22.2,23.1,0.0,0.0,0.01,0,37,0.0,98.2,94.5,21.0,
14:09:23.961, , ,-1.0,0,0, ,654320,0.0,95.9,0.0,22.2,23.1,0.0,0.0,0.01,0,36,0.0,98.2,94.5,21.0,
14:09:24.726, , ,-1.0,0,0, ,655122,0.0,95.9,0.0,22.2,23.2,0.0,0.0,0.01,0,36,0.0,98.2,94.5,21.0,
14:09:25.233, , ,-1.0,0,0, ,655924,0.0,95.9,0.0,22.2,23.1,0.0,0.0,0.01,0,36,0.0,98.2,94.5,21.0,
14:09:25.744, , ,-1.0,0,0, ,656324,0.0,95.9,0.0,22.2,23.2,0.0,0.0,0.01,0,35,0.0,98.2,94.5,21.0,
14:09:26.248, , ,-1.0,0,0, ,656724,0.0,95.9,0.0,22.2,23.1,0.0,0.0,65.52,0,37,0.0,98.2,94.5,21.0,
14:09:26.762, , ,-1.0,0,0, ,657126,0.0,95.9,0.0,22.2,23.0,0.0,0.0,0.01,0,36,0.0,98.2,94.5,21.0,
14:09:27.282, , ,-1.0,0,0, ,657928,0.0,95.9,0.0,22.2,23.0,0.0,0.0,0.01,0,36,0.0,98.2,94.5,21.0,
14:09:27.784, , ,-1.0,0,0, ,658328,0.0,95.9,0.0,22.2,23.1,0.0,0.0,0.01,0,35,0.0,98.2,94.5,21.0,
14:11:21.764, , ,-1.0,0,0, ,772574,0.0,95.9,0.0,22.2,23.2,0.0,0.0,0.01,0,36,0.0,98.2,94.5,21.0,
14:11:22.268, , ,-1.0,0,0, ,773176,0.0,95.9,0.0,22.2,23.0,0.0,0.0,0.01,0,35,0.0,98.2,94.5,21.0,
14:11:22.782, , ,-1.0,0,0, ,773777,0.0,95.9,0.0,22.2,23.1,0.0,0.0,0.01,0,36,0.0,98.2,94.5,21.0,
14:11:23.535, , ,-1.0,0,0, ,774395,0.0,95.9,0.0,22.2,23.1,0.0,0.0,0.01,0,36,0.0,98.2,94.5,21.0,
14:11:24.047, , ,-1.0,0,0, ,774994,0.0,95.9,0.0,22.3,23.1,0.0,0.0,0.01,0,37,0.0,98.2,94.5,21.0,
14:11:24.553, , ,-1.0,0,0, ,775380,0.0,95.9,0.0,22.2,23.0,0.0,0.0,0.01,0,36,0.0,98.2,94.5,21.0,
14:11:25.058, , ,-1.0,0,0, ,775982,0.0,95.9,0.0,22.2,23.0,0.0,0.0,0.01,0,36,0.0,98.2,94.5,21.0,
14:11:25.569, , ,-1.0,0,0, ,776194,0.0,95.9,0.0,22.2,23.0,0.0,0.0,0.0,0,35,0.0,98.2,94.5,21.0,
14:11:26.072, , ,-1.0,0,0, ,776793,0.0,95.9,0.0,22.2,22.9,0.0,0.0,0.01,0,36,0.0,98.2,94.5,21.0,
14:11:26.587, , ,-1.0,0,0, ,777391,0.0,95.9,0.0,22.2,22.9,0.0,0.0,0.01,0,37,0.0,98.2,94.5,21.0,
14:11:27.344, , ,-1.0,0,0, ,778186,0.0,95.9,0.0,22.3,23.0,0.0,0.0,0.01,0,36,0.0,98.2,94.5,21.0,
14:11:27.852, , ,-1.0,0,0, ,778787,0.0,95.9,0.0,22.2,23.1,0.0,0.0,0.01,0,36,0.0,98.2,94.5,21.0,
14:11:28.358, , ,-1.0,0,0, ,779002,0.0,95.9,0.0,22.2,23.1,0.0,0.0,0.01,0,35,0.0,98.2,94.5,21.0,
14:11:28.864, , ,-1.0,0,0, ,779601,0.0,95.9,0.0,22.2,23.0,0.0,0.0,0.01,0,35,0.0,98.2,94.5,21.0,
14:11:29.372, , ,-1.0,0,0, ,780201,0.0,95.9,0.0,22.2,23.0,0.0,0.0,0.01,0,36,0.0,98.2,94.5,21.0,
14:11:29.878, , ,-1.0,0,0, ,780800,0.0,95.9,0.0,22.2,23.1,0.0,0.0,0.01,0,35,0.0,98.2,94.5,21.0,
14:11:30.634, , ,-1.0,0,0, ,781400,0.0,95.9,0.0,22.2,23.0,0.0,0.0,0.01,0,37,0.0,98.2,94.5,21.0,
14:11:31.148, , ,-1.0,0,0, ,781794,0.0,95.9,0.0,22.2,22.9,0.0,0.0,0.01,0,37,0.0,98.2,94.5,21.0,
14:11:31.657, , ,-1.0,0,0, ,782411,0.0,95.9,0.0,22.2,23.1,0.0,0.0,0.01,0,36,0.0,98.2,94.5,21.0,
current_time,latitude,longitude,speed,miles,miles_lap,rtc,millis,rpm,input_voltage,motor_watt,motor_tempMosfet,motor_tempMotor,motor_current,battery_current,motor_dutyCycle,motor_error,rasp_temp,battery_ampere,battery_voltage,charge,battery_temperature,autonomy
14:13:14.855, , ,-1.0,0,0, ,837510,17611.0,53.9,0.16,22.3,24.1,0.0,0.0,0.64,0,35,0.0,98.2,94.5,21.0,
14:13:15.365, , ,-1.0,0,0, ,837510,17611.0,53.9,0.16,22.3,24.1,0.0,0.0,0.64,0,37,0.0,98.2,94.5,21.0,
14:13:15.877, , ,-1.0,0,0, ,837510,17611.0,53.9,0.16,22.3,24.1,0.0,0.0,0.64,0,36,0.0,98.2,94.5,21.0,
14:13:16.392, , ,-1.0,0,0, ,837510,17611.0,53.9,0.16,22.3,24.1,0.0,0.0,0.64,0,36,0.0,98.2,94.5,21.0,
current_time,latitude,longitude,speed,miles,miles_lap,rtc,millis,rpm,input_voltage,motor_watt,motor_tempMosfet,motor_tempMotor,motor_current,battery_current,motor_dutyCycle,motor_error,rasp_temp,battery_ampere,battery_voltage,charge,battery_temperature,autonomy
14:16:43.329, , ,-1.0,0,0, ,837510,17611.0,53.9,0.16,22.3,24.1,0.0,0.0,0.64,0,37,0.0,98.2,94.5,21.0,
14:16:43.842, , ,-1.0,0,0, ,837510,17611.0,53.9,0.16,22.3,24.1,0.0,0.0,0.64,0,37,0.0,98.2,94.5,21.0,
14:16:44.354, , ,-1.0,0,0, ,837510,17611.0,53.9,0.16,22.3,24.1,0.0,0.0,0.64,0,38,0.0,98.2,94.5,21.0,
14:16:45.114, , ,-1.0,0,0, ,837510,17611.0,53.9,0.16,22.3,24.1,0.0,0.0,0.64,0,37,0.0,98.2,94.5,21.0,
14:16:45.622, , ,-1.0,0,0, ,837510,17611.0,53.9,0.16,22.3,24.1,0.0,0.0,0.64,0,36,0.0,98.2,94.5,21.0,
14:16:46.128, , ,-1.0,0,0, ,837510,17611.0,53.9,0.16,22.3,24.1,0.0,0.0,0.64,0,37,0.0,98.2,94.5,21.0,
14:16:46.639, , ,-1.0,0,0, ,837510,17611.0,53.9,0.16,22.3,24.1,0.0,0.0,0.64,0,36,0.0,98.2,94.5,21.0,
14:16:47.401, , ,-1.0,0,0, ,837510,17611.0,53.9,0.16,22.3,24.1,0.0,0.0,0.64,0,37,0.0,98.2,94.5,21.0,
14:16:47.905, , ,-1.0,0,0, ,837510,17611.0,53.9,0.16,22.3,24.1,0.0,0.0,0.64,0,37,0.0,98.2,94.5,21.0,
14:16:48.409, , ,-1.0,0,0, ,837510,17611.0,53.9,0.16,22.3,24.1,0.0,0.0,0.64,0,36,0.0,98.2,94.5,21.0,
14:16:48.914, , ,-1.0,0,0, ,837510,17611.0,53.9,0.16,22.3,24.1,0.0,0.0,0.64,0,36,0.0,98.2,94.5,21.0,
14:16:49.428, , ,-1.0,0,0, ,837510,17611.0,53.9,0.16,22.3,24.1,0.0,0.0,0.64,0,37,0.0,98.2,94.5,21.0,
14:16:50.199, , ,-1.0,0,0, ,837510,17611.0,53.9,0.16,22.3,24.1,0.0,0.0,0.64,0,37,0.0,98.2,94.5,21.0,
14:16:50.714, , ,-1.0,0,0, ,837510,17611.0,53.9,0.16,22.3,24.1,0.0,0.0,0.64,0,36,0.0,98.2,94.5,21.0,
14:16:51.219, , ,-1.0,0,0, ,837510,17611.0,53.9,0.16,22.3,24.1,0.0,0.0,0.64,0,37,0.0,98.2,94.5,21.0,
14:16:51.720, , ,-1.0,0,0, ,837510,17611.0,53.9,0.16,22.3,24.1,0.0,0.0,0.64,0,36,0.0,98.2,94.5,21.0,
14:16:52.473, , ,-1.0,0,0, ,837510,17611.0,53.9,0.16,22.3,24.1,0.0,0.0,0.64,0,37,0.0,98.2,94.5,21.0,
14:16:52.984, , ,-1.0,0,0, ,837510,17611.0,53.9,0.16,22.3,24.1,0.0,0.0,0.64,0,36,0.0,98.2,94.5,21.0,
14:16:53.490, , ,-1.0,0,0, ,837510,17611.0,53.9,0.16,22.3,24.1,0.0,0.0,0.64,0,36,0.0,98.2,94.5,21.0,
14:16:53.996, , ,-1.0,0,0, ,837510,17611.0,53.9,0.16,22.3,24.1,0.0,0.0,0.64,0,37,0.0,98.2,94.5,21.0,
14:16:54.513, , ,-1.0,0,0, ,837510,17611.0,53.9,0.16,22.3,24.1,0.0,0.0,0.64,0,36,0.0,98.2,94.5,21.0,
14:16:55.280, , ,-1.0,0,0, ,837510,17611.0,53.9,0.16,22.3,24.1,0.0,0.0,0.64,0,36,0.0,98.2,94.5,21.0,
14:16:55.790, , ,-1.0,0,0, ,837510,17611.0,53.9,0.16,22.3,24.1,0.0,0.0,0.64,0,36,0.0,98.2,94.5,21.0,
14:16:56.304, , ,-1.0,0,0, ,837510,17611.0,53.9,0.16,22.3,24.1,0.0,0.0,0.64,0,36,0.0,98.2,94.5,21.0,
14:16:56.822, , ,-1.0,0,0, ,837510,17611.0,53.9,0.16,22.3,24.1,0.0,0.0,0.64,0,36,0.0,98.2,94.5,21.0,
14:16:57.591, , ,-1.0,0,0, ,837510,17611.0,53.9,0.16,22.3,24.1,0.0,0.0,0.64,0,36,0.0,98.2,94.5,21.0,
14:16:58.099, , ,-1.0,0,0, ,837510,17611.0,53.9,0.16,22.3,24.1,0.0,0.0,0.64,0,37,0.0,98.2,94.5,21.0,
14:16:58.605, , ,-1.0,0,0, ,837510,17611.0,53.9,0.16,22.3,24.1,0.0,0.0,0.64,0,36,0.0,98.2,94.5,21.0,
14:16:59.119, , ,-1.0,0,0, ,837510,17611.0,53.9,0.16,22.3,24.1,0.0,0.0,0.64,0,36,0.0,98.2,94.5,21.0,
14:16:59.625, , ,-1.0,0,0, ,837510,17611.0,53.9,0.16,22.3,24.1,0.0,0.0,0.64,0,37,0.0,98.2,94.5,21.0,
14:17:00.389, , ,-1.0,0,0, ,837510,17611.0,53.9,0.16,22.3,24.1,0.0,0.0,0.64,0,36,0.0,98.2,94.5,21.0,
14:17:00.901, , ,-1.0,0,0, ,837510,17611.0,53.9,0.16,22.3,24.1,0.0,0.0,0.64,0,37,0.0,98.2,94.5,21.0,
14:17:01.398, , ,-1.0,0,0, ,837510,17611.0,53.9,0.16,22.3,24.1,0.0,0.0,0.64,0,36,0.0,98.2,94.5,21.0,
14:17:01.905, , ,-1.0,0,0, ,837510,17611.0,53.9,0.16,22.3,24.1,0.0,0.0,0.64,0,36,0.0,98.2,94.5,21.0,
14:17:02.666, , ,-1.0,0,0, ,837510,17611.0,53.9,0.16,22.3,24.1,0.0,0.0,0.64,0,37,0.0,98.2,94.5,21.0,
14:17:03.176, , ,-1.0,0,0, ,837510,17611.0,53.9,0.16,22.3,24.1,0.0,0.0,0.64,0,36,0.0,98.2,94.5,21.0,
14:17:03.684, , ,-1.0,0,0, ,837510,17611.0,53.9,0.16,22.3,24.1,0.0,0.0,0.64,0,35,0.0,98.2,94.5,21.0,
14:17:04.192, , ,-1.0,0,0, ,837510,17611.0,53.9,0.16,22.3,24.1,0.0,0.0,0.64,0,36,0.0,98.2,94.5,21.0,
14:17:04.702, , ,-1.0,0,0, ,837510,17611.0,53.9,0.16,22.3,24.1,0.0,0.0,0.64,0,37,0.0,98.2,94.5,21.0,
14:17:05.468, , ,-1.0,0,0, ,837510,17611.0,53.9,0.16,22.3,24.1,0.0,0.0,0.64,0,37,0.0,98.2,94.5,21.0,
14:17:05.979, , ,-1.0,0,0, ,837510,17611.0,53.9,0.16,22.3,24.1,0.0,0.0,0.64,0,36,0.0,98.2,94.5,21.0,
14:17:06.490, , ,-1.0,0,0, ,837510,17611.0,53.9,0.16,22.3,24.1,0.0,0.0,0.64,0,37,0.0,98.2,94.5,21.0,
14:17:06.995, , ,-1.0,0,0, ,837510,17611.0,53.9,0.16,22.3,24.1,0.0,0.0,0.64,0,36,0.0,98.2,94.5,21.0,
14:17:07.763, , ,-1.0,0,0, ,837510,17611.0,53.9,0.16,22.3,24.1,0.0,0.0,0.64,0,36,0.0,98.2,94.5,21.0,
14:17:08.271, , ,-1.0,0,0, ,837510,17611.0,53.9,0.16,22.3,24.1,0.0,0.0,0.64,0,36,0.0,98.2,94.5,21.0,
14:17:08.782, , ,-1.0,0,0, ,837510,17611.0,53.9,0.16,22.3,24.1,0.0,0.0,0.64,0,36,0.0,98.2,94.5,21.0,
14:17:09.285, , ,-1.0,0,0, ,837510,17611.0,53.9,0.16,22.3,24.1,0.0,0.0,0.64,0,36,0.0,98.2,94.5,21.0,
14:17:10.049, , ,-1.0,0,0, ,837510,17611.0,53.9,0.16,22.3,24.1,0.0,0.0,0.64,0,37,0.0,98.2,94.5,21.0,
14:17:10.558, , ,-1.0,0,0, ,837510,17611.0,53.9,0.16,22.3,24.1,0.0,0.0,0.64,0,37,0.0,98.2,94.5,21.0,
14:17:11.073, , ,-1.0,0,0, ,837510,17611.0,53.9,0.16,22.3,24.1,0.0,0.0,0.64,0,37,0.0,98.2,94.5,21.0,
14:17:11.574, , ,-1.0,0,0, ,837510,17611.0,53.9,0.16,22.3,24.1,0.0,0.0,0.64,0,37,0.0,98.2,94.5,21.0,
14:17:12.332, , ,-1.0,0,0, ,837510,17611.0,53.9,0.16,22.3,24.1,0.0,0.0,0.64,0,37,0.0,98.2,94.5,21.0,
14:17:12.844, , ,-1.0,0,0, ,837510,17611.0,53.9,0.16,22.3,24.1,0.0,0.0,0.64,0,36,0.0,98.2,94.5,21.0,
14:17:13.352, , ,-1.0,0,0, ,837510,17611.0,53.9,0.16,22.3,24.1,0.0,0.0,0.64,0,37,0.0,98.2,94.5,21.0,
14:17:13.860, , ,-1.0,0,0, ,837510,17611.0,53.9,0.16,22.3,24.1,0.0,0.0,0.64,0,37,0.0,98.2,94.5,21.0,
14:17:14.626, , ,-1.0,0,0, ,837510,17611.0,53.9,0.16,22.3,24.1,0.0,0.0,0.64,0,36,0.0,98.2,94.5,21.0,
14:17:15.160, , ,-1.0,0,0, ,837510,17611.0,53.9,0.16,22.3,24.1,0.0,0.0,0.64,0,37,0.0,98.2,94.5,21.0,
14:17:15.666, , ,-1.0,0,0, ,837510,17611.0,53.9,0.16,22.3,24.1,0.0,0.0,0.64,0,38,0.0,98.2,94.5,21.0,
14:17:16.170, , ,-1.0,0,0, ,837510,17611.0,53.9,0.16,22.3,24.1,0.0,0.0,0.64,0,36,0.0,98.2,94.5,21.0,
14:17:16.929, , ,-1.0,0,0, ,837510,17611.0,53.9,0.16,22.3,24.1,0.0,0.0,0.64,0,36,0.0,98.2,94.5,21.0,
14:17:17.440, , ,-1.0,0,0, ,837510,17611.0,53.9,0.16,22.3,24.1,0.0,0.0,0.64,0,37,0.0,98.2,94.5,21.0,
14:17:17.952, , ,-1.0,0,0, ,837510,17611.0,53.9,0.16,22.3,24.1,0.0,0.0,0.64,0,36,0.0,98.2,94.5,21.0,
14:17:18.467, , ,-1.0,0,0, ,837510,17611.0,53.9,0.16,22.3,24.1,0.0,0.0,0.64,0,38,0.0,98.2,94.5,21.0,
14:17:19.236, , ,-1.0,0,0, ,837510,17611.0,53.9,0.16,22.3,24.1,0.0,0.0,0.64,0,37,0.0,98.2,94.5,21.0,
14:17:19.749, , ,-1.0,0,0, ,837510,17611.0,53.9,0.16,22.3,24.1,0.0,0.0,0.64,0,37,0.0,98.2,94.5,21.0,
14:17:20.251, , ,-1.0,0,0, ,837510,17611.0,53.9,0.16,22.3,24.1,0.0,0.0,0.64,0,37,0.0,98.2,94.5,21.0,
14:17:20.759, , ,-1.0,0,0, ,837510,17611.0,53.9,0.16,22.3,24.1,0.0,0.0,0.64,0,37,0.0,98.2,94.5,21.0,
14:17:21.524, , ,-1.0,0,0, ,837510,17611.0,53.9,0.16,22.3,24.1,0.0,0.0,0.64,0,38,0.0,98.2,94.5,21.0,
14:17:22.036, , ,-1.0,0,0, ,837510,17611.0,53.9,0.16,22.3,24.1,0.0,0.0,0.64,0,37,0.0,98.2,94.5,21.0,
14:17:22.542, , ,-1.0,0,0, ,837510,17611.0,53.9,0.16,22.3,24.1,0.0,0.0,0.64,0,37,0.0,98.2,94.5,21.0,
14:17:23.051, , ,-1.0,0,0, ,837510,17611.0,53.9,0.16,22.3,24.1,0.0,0.0,0.64,0,37,0.0,98.2,94.5,21.0,
14:17:23.813, , ,-1.0,0,0, ,837510,17611.0,53.9,0.16,22.3,24.1,0.0,0.0,0.64,0,37,0.0,98.2,94.5,21.0,
14:17:24.328, , ,-1.0,0,0, ,837510,17611.0,53.9,0.16,22.3,24.1,0.0,0.0,0.64,0,36,0.0,98.2,94.5,21.0,
14:17:24.837, , ,-1.0,0,0, ,837510,17611.0,53.9,0.16,22.3,24.1,0.0,0.0,0.64,0,36,0.0,98.2,94.5,21.0,
14:17:25.347, , ,-1.0,0,0, ,837510,17611.0,53.9,0.16,22.3,24.1,0.0,0.0,0.64,0,37,0.0,98.2,94.5,21.0,
14:17:26.108, , ,-1.0,0,0, ,837510,17611.0,53.9,0.16,22.3,24.1,0.0,0.0,0.64,0,37,0.0,98.2,94.5,21.0,
14:17:26.619, , ,-1.0,0,0, ,837510,17611.0,53.9,0.16,22.3,24.1,0.0,0.0,0.64,0,37,0.0,98.2,94.5,21.0,
14:17:27.121, , ,-1.0,0,0, ,837510,17611.0,53.9,0.16,22.3,24.1,0.0,0.0,0.64,0,37,0.0,98.2,94.5,21.0,
14:17:27.884, , ,-1.0,0,0, ,837510,17611.0,53.9,0.16,22.3,24.1,0.0,0.0,0.64,0,37,0.0,98.2,94.5,21.0,
14:17:28.396, , ,-1.0,0,0, ,837510,17611.0,53.9,0.16,22.3,24.1,0.0,0.0,0.64,0,37,0.0,98.2,94.5,21.0,
14:17:28.918, , ,-1.0,0,0, ,837510,17611.0,53.9,0.16,22.3,24.1,0.0,0.0,0.64,0,37,0.0,98.2,94.5,21.0,
14:17:29.434, , ,-1.0,0,0, ,837510,17611.0,53.9,0.16,22.3,24.1,0.0,0.0,0.64,0,36,0.0,98.2,94.5,21.0,
14:17:29.940, , ,-1.0,0,0, ,837510,17611.0,53.9,0.16,22.3,24.1,0.0,0.0,0.64,0,37,0.0,98.2,94.5,21.0,
14:17:30.703, , ,-1.0,0,0, ,837510,17611.0,53.9,0.16,22.3,24.1,0.0,0.0,0.64,0,37,0.0,98.2,94.5,21.0,
14:17:31.213, , ,-1.0,0,0, ,837510,17611.0,53.9,0.16,22.3,24.1,0.0,0.0,0.64,0,37,0.0,98.2,94.5,21.0,
14:17:31.724, , ,-1.0,0,0, ,837510,17611.0,53.9,0.16,22.3,24.1,0.0,0.0,0.64,0,37,0.0,98.2,94.5,21.0,
14:17:32.228, , ,-1.0,0,0, ,837510,17611.0,53.9,0.16,22.3,24.1,0.0,0.0,0.64,0,37,0.0,98.2,94.5,21.0,
14:17:32.988, , ,-1.0,0,0, ,837510,17611.0,53.9,0.16,22.3,24.1,0.0,0.0,0.64,0,37,0.0,98.2,94.5,21.0,
14:17:33.496, , ,-1.0,0,0, ,837510,17611.0,53.9,0.16,22.3,24.1,0.0,0.0,0.64,0,37,0.0,98.2,94.5,21.0,
14:17:34.006, , ,-1.0,0,0, ,837510,17611.0,53.9,0.16,22.3,24.1,0.0,0.0,0.64,0,37,0.0,98.2,94.5,21.0,
14:17:34.511, , ,-1.0,0,0, ,837510,17611.0,53.9,0.16,22.3,24.1,0.0,0.0,0.64,0,37,0.0,98.2,94.5,21.0,
14:17:35.270, , ,-1.0,0,0, ,837510,17611.0,53.9,0.16,22.3,24.1,0.0,0.0,0.64,0,36,0.0,98.2,94.5,21.0,
14:17:35.777, , ,-1.0,0,0, ,837510,17611.0,53.9,0.16,22.3,24.1,0.0,0.0,0.64,0,37,0.0,98.2,94.5,21.0,
14:17:36.291, , ,-1.0,0,0, ,837510,17611.0,53.9,0.16,22.3,24.1,0.0,0.0,0.64,0,36,0.0,98.2,94.5,21.0,
14:17:36.794, , ,-1.0,0,0, ,837510,17611.0,53.9,0.16,22.3,24.1,0.0,0.0,0.64,0,37,0.0,98.2,94.5,21.0,
14:17:37.562, , ,-1.0,0,0, ,837510,17611.0,53.9,0.16,22.3,24.1,0.0,0.0,0.64,0,38,0.0,98.2,94.5,21.0,
14:17:38.070, , ,-1.0,0,0, ,837510,17611.0,53.9,0.16,22.3,24.1,0.0,0.0,0.64,0,36,0.0,98.2,94.5,21.0,
14:17:38.581, , ,-1.0,0,0, ,837510,17611.0,53.9,0.16,22.3,24.1,0.0,0.0,0.64,0,37,0.0,98.2,94.5,21.0,
14:17:39.092, , ,-1.0,0,0, ,837510,17611.0,53.9,0.16,22.3,24.1,0.0,0.0,0.64,0,36,0.0,98.2,94.5,21.0,
14:17:39.851, , ,-1.0,0,0, ,837510,17611.0,53.9,0.16,22.3,24.1,0.0,0.0,0.64,0,37,0.0,98.2,94.5,21.0,
14:17:40.368, , ,-1.0,0,0, ,837510,17611.0,53.9,0.16,22.3,24.1,0.0,0.0,0.64,0,37,0.0,98.2,94.5,21.0,
14:17:40.878, , ,-1.0,0,0, ,837510,17611.0,53.9,0.16,22.3,24.1,0.0,0.0,0.64,0,37,0.0,98.2,94.5,21.0,
14:17:41.394, , ,-1.0,0,0, ,837510,17611.0,53.9,0.16,22.3,24.1,0.0,0.0,0.64,0,36,0.0,98.2,94.5,21.0,
14:17:41.900, , ,-1.0,0,0, ,1153364,0.0,0.1,0.0,20.5,24.7,0.0,0.0,58.71,0,37,0.0,98.2,0.0,0.0,
14:17:42.665, , ,-1.0,0,0, ,1153364,0.0,0.1,0.0,20.5,24.7,0.0,0.0,58.71,0,36,0.0,98.2,0.0,0.0,
14:17:43.181, , ,-1.0,0,0, ,1153364,0.0,0.1,0.0,20.5,24.7,0.0,0.0,58.71,0,37,0.0,98.2,0.0,0.0,
14:17:43.691, , ,-1.0,0,0, ,1153364,0.0,0.1,0.0,20.5,24.7,0.0,0.0,58.71,0,37,0.0,98.2,0.0,0.0,
14:17:44.457, , ,-1.0,0,0, ,1153364,0.0,0.1,0.0,20.5,24.7,0.0,0.0,58.71,0,37,0.0,98.2,0.0,0.0,
14:17:44.961, , ,-1.0,0,0, ,1153364,0.0,0.1,0.0,20.5,24.7,0.0,0.0,58.71,0,37,0.0,98.2,0.0,0.0,
14:17:45.467, , ,-1.0,0,0, ,1153364,0.0,0.1,0.0,20.5,24.7,0.0,0.0,58.71,0,36,0.0,98.2,0.0,0.0,
14:17:45.978, , ,-1.0,0,0, ,1153364,0.0,0.1,0.0,20.5,24.7,0.0,0.0,58.71,0,37,0.0,98.2,0.0,0.0,
14:17:46.748, , ,-1.0,0,0, ,1153364,0.0,0.1,0.0,20.5,24.7,0.0,0.0,58.71,0,37,0.0,98.2,0.0,0.0,
14:17:47.252, , ,-1.0,0,0, ,1153364,0.0,0.1,0.0,20.5,24.7,0.0,0.0,58.71,0,37,0.0,98.2,0.0,0.0,
14:17:47.753, , ,-1.0,0,0, ,1153364,0.0,0.1,0.0,20.5,24.7,0.0,0.0,58.71,0,36,0.0,98.2,0.0,0.0,
14:17:48.256, , ,-1.0,0,0, ,1153364,0.0,0.1,0.0,20.5,24.7,0.0,0.0,58.71,0,37,0.0,98.2,0.0,0.0,
14:17:49.022, , ,-1.0,0,0, ,1153364,0.0,0.1,0.0,20.5,24.7,0.0,0.0,58.71,0,36,0.0,98.2,0.0,0.0,
14:17:49.528, , ,-1.0,0,0, ,1153364,0.0,0.1,0.0,20.5,24.7,0.0,0.0,58.71,0,36,0.0,98.2,0.0,0.0,
14:17:50.031, , ,-1.0,0,0, ,1153364,0.0,0.1,0.0,20.5,24.7,0.0,0.0,58.71,0,36,0.0,98.2,0.0,0.0,
14:17:50.537, , ,-1.0,0,0, ,1153364,0.0,0.1,0.0,20.5,24.7,0.0,0.0,58.71,0,35,0.0,98.2,0.0,0.0,
14:17:51.051, , ,-1.0,0,0, ,1153364,0.0,0.1,0.0,20.5,24.7,0.0,0.0,58.71,0,37,0.0,98.2,0.0,0.0,
14:17:51.809, , ,-1.0,0,0, ,1153364,0.0,0.1,0.0,20.5,24.7,0.0,0.0,58.71,0,37,0.0,98.2,0.0,0.0,
14:17:52.325, , ,-1.0,0,0, ,1153364,0.0,0.1,0.0,20.5,24.7,0.0,0.0,58.71,0,37,0.0,98.2,0.0,0.0,
14:17:52.835, , ,-1.0,0,0, ,1153364,0.0,0.1,0.0,20.5,24.7,0.0,0.0,58.71,0,35,0.0,98.2,0.0,0.0,
14:17:53.339, , ,-1.0,0,0, ,1153364,0.0,0.1,0.0,20.5,24.7,0.0,0.0,58.71,0,36,0.0,98.2,0.0,0.0,
14:17:54.102, , ,-1.0,0,0, ,1153364,0.0,0.1,0.0,20.5,24.7,0.0,0.0,58.71,0,37,0.0,98.2,0.0,0.0,
14:17:54.611, , ,-1.0,0,0, ,1153364,0.0,0.1,0.0,20.5,24.7,0.0,0.0,58.71,0,36,0.0,98.2,0.0,0.0,
14:17:55.111, , ,-1.0,0,0, ,1153364,0.0,0.1,0.0,20.5,24.7,0.0,0.0,58.71,0,37,0.0,98.2,0.0,0.0,
14:17:55.629, , ,-1.0,0,0, ,1153364,0.0,0.1,0.0,20.5,24.7,0.0,0.0,58.71,0,37,0.0,98.2,0.0,0.0,
14:17:56.141, , ,-1.0,0,0, ,1153364,0.0,0.1,0.0,20.5,24.7,0.0,0.0,58.71,0,37,0.0,98.2,0.0,0.0,
14:17:56.903, , ,-1.0,0,0, ,1153364,0.0,0.1,0.0,20.5,24.7,0.0,0.0,58.71,0,36,0.0,98.2,0.0,0.0,
14:17:57.408, , ,-1.0,0,0, ,1153364,0.0,0.1,0.0,20.5,24.7,0.0,0.0,58.71,0,37,0.0,98.2,0.0,0.0,
14:17:57.921, , ,-1.0,0,0, ,1153364,0.0,0.1,0.0,20.5,24.7,0.0,0.0,58.71,0,37,0.0,98.2,0.0,0.0,
14:17:58.704, , ,-1.0,0,0, ,1153364,0.0,0.1,0.0,20.5,24.7,0.0,0.0,58.71,0,38,0.0,98.2,0.0,0.0,
14:17:59.216, , ,-1.0,0,0, ,1153364,0.0,0.1,0.0,20.5,24.7,0.0,0.0,58.71,0,37,0.0,98.2,0.0,0.0,
14:17:59.723, , ,-1.0,0,0, ,1153364,0.0,0.1,0.0,20.5,24.7,0.0,0.0,58.71,0,36,0.0,98.2,0.0,0.0,
current_time,latitude,longitude,speed,miles,miles_lap,rtc,millis,rpm,input_voltage,motor_watt,motor_tempMosfet,motor_tempMotor,motor_current,battery_current,motor_dutyCycle,motor_error,rasp_temp,battery_ampere,battery_voltage,charge,battery_temperature,autonomy
